-- phpMyAdmin SQL Dump
-- version 5.2.1
-- https://www.phpmyadmin.net/
--
-- Hôte : mysql9001.site4now.net
-- Généré le : dim. 28 déc. 2025 à 11:02
-- Version du serveur : 8.0.41
-- Version de PHP : 8.3.8

SET SQL_MODE = "NO_AUTO_VALUE_ON_ZERO";
START TRANSACTION;
SET time_zone = "+00:00";


/*!40101 SET @OLD_CHARACTER_SET_CLIENT=@@CHARACTER_SET_CLIENT */;
/*!40101 SET @OLD_CHARACTER_SET_RESULTS=@@CHARACTER_SET_RESULTS */;
/*!40101 SET @OLD_COLLATION_CONNECTION=@@COLLATION_CONNECTION */;
/*!40101 SET NAMES utf8mb4 */;

--
-- Base de données : `db_ac24c8_promoap`
--

-- --------------------------------------------------------

--
-- Structure de la table `admin_actions`
--

CREATE TABLE `admin_actions` (
  `id` int NOT NULL,
  `admin_id` int NOT NULL,
  `action_type` varchar(50) COLLATE utf8mb4_unicode_ci NOT NULL,
  `target_user_id` int DEFAULT NULL,
  `amount_cents` int DEFAULT NULL,
  `notes` text COLLATE utf8mb4_unicode_ci,
  `created_at` timestamp NOT NULL DEFAULT CURRENT_TIMESTAMP
) ENGINE=InnoDB DEFAULT CHARSET=utf8mb4 COLLATE=utf8mb4_unicode_ci;

-- --------------------------------------------------------

--
-- Structure de la table `admin_managed_accounts`
--

CREATE TABLE `admin_managed_accounts` (
  `id` int NOT NULL,
  `admin_id` int NOT NULL,
  `account_type` varchar(100) COLLATE utf8mb4_general_ci NOT NULL,
  `account_id` int NOT NULL,
  `created_at` timestamp NOT NULL DEFAULT CURRENT_TIMESTAMP
) ENGINE=InnoDB DEFAULT CHARSET=utf8mb4 COLLATE=utf8mb4_general_ci;

--
-- Déchargement des données de la table `admin_managed_accounts`
--

INSERT INTO `admin_managed_accounts` (`id`, `admin_id`, `account_type`, `account_id`, `created_at`) VALUES
(22, 100016, 'deposit_method', 1, '2025-12-12 18:46:27'),
(23, 100017, 'deposit_method', 2, '2025-12-21 16:41:35'),
(27, 100004, 'deposit_method', 3, '2025-12-22 08:52:01');

-- --------------------------------------------------------

--
-- Structure de la table `bank_accounts`
--

CREATE TABLE `bank_accounts` (
  `id` int NOT NULL,
  `user_id` int NOT NULL,
  `bank_name` varchar(255) COLLATE utf8mb4_general_ci DEFAULT NULL,
  `iban` varchar(255) COLLATE utf8mb4_general_ci DEFAULT NULL,
  `holder_name` varchar(255) COLLATE utf8mb4_general_ci DEFAULT NULL,
  `created_at` timestamp NOT NULL DEFAULT CURRENT_TIMESTAMP
) ENGINE=InnoDB DEFAULT CHARSET=utf8mb4 COLLATE=utf8mb4_general_ci;

--
-- Déchargement des données de la table `bank_accounts`
--

INSERT INTO `bank_accounts` (`id`, `user_id`, `bank_name`, `iban`, `holder_name`, `created_at`) VALUES
(4, 100016, 'CIH', '8793248798428937928357', 'MEHDI HAMIDI', '2025-12-12 18:39:35'),
(5, 100017, 'AWB', '98723274132', 'ELMAHFOUDY ABDELLAH', '2025-12-12 18:59:32'),
(9, 100035, 'CIH', '26381651237863289723', 'ELMAHFOUDY RABIE', '2025-12-15 20:54:07'),
(10, 100043, 'CIH', '89129819811', 'polpopokp', '2025-12-18 12:30:05'),
(11, 100045, 'CIH', '230791586407221102640084', 'Amin ait ', '2025-12-19 21:55:40'),
(12, 100052, 'CIH', '3605357211017800', 'Nadia elfrtouti ', '2025-12-20 14:16:19'),
(13, 100034, 'CIH', '23032065510720009163816', 'Elmahfoudy abdellah', '2025-12-21 15:33:24'),
(14, 100041, 'CIH', '19674589420031582000', 'Heblo baly', '2025-12-22 08:52:52'),
(15, 100075, 'CIH', '230787560184021100380060', 'Oussama ghazali ', '2025-12-22 21:17:24'),
(16, 100078, 'CIH', '527181928262637281', 'Youssef fathi', '2025-12-24 18:21:10');

-- --------------------------------------------------------

--
-- Structure de la table `completed_social_tasks`
--

CREATE TABLE `completed_social_tasks` (
  `id` int NOT NULL,
  `user_id` int NOT NULL,
  `platform` varchar(50) COLLATE utf8mb4_unicode_ci NOT NULL,
  `task_id` int NOT NULL,
  `completed_at` timestamp NOT NULL DEFAULT CURRENT_TIMESTAMP
) ENGINE=InnoDB DEFAULT CHARSET=utf8mb4 COLLATE=utf8mb4_unicode_ci;

-- --------------------------------------------------------

--
-- Structure de la table `deposits`
--

CREATE TABLE `deposits` (
  `id` int NOT NULL,
  `user_id` int NOT NULL,
  `amount_cents` int NOT NULL,
  `status` varchar(50) COLLATE utf8mb4_general_ci NOT NULL,
  `full_name` varchar(255) COLLATE utf8mb4_general_ci DEFAULT NULL,
  `created_at` timestamp NOT NULL DEFAULT CURRENT_TIMESTAMP,
  `payer_rib` varchar(255) COLLATE utf8mb4_general_ci DEFAULT NULL,
  `screenshot_path` varchar(512) COLLATE utf8mb4_general_ci DEFAULT NULL,
  `method_id` int DEFAULT NULL,
  `processed_by_admin_id` int DEFAULT NULL
) ENGINE=InnoDB DEFAULT CHARSET=utf8mb4 COLLATE=utf8mb4_general_ci;

--
-- Déchargement des données de la table `deposits`
--

INSERT INTO `deposits` (`id`, `user_id`, `amount_cents`, `status`, `full_name`, `created_at`, `payer_rib`, `screenshot_path`, `method_id`, `processed_by_admin_id`) VALUES
(78, 100016, 10000, 'CONFIRMED', 'mehdi hamidi', '2025-12-12 18:37:51', '8643263262376', '/uploads/deposit_100016_1765564671718.jpeg', 2, 100017),
(79, 100017, 20000, 'CONFIRMED', 'ABDELLAH ELMAHFOUDY', '2025-12-12 18:52:52', '1651623571235', '/uploads/deposit_100017_1765565572824.jpeg', 1, 100016),
(80, 100017, 10000, 'CONFIRMED', 'ABDELLAH ELMAHFOUDY', '2025-12-13 15:31:51', '8947836287', NULL, 1, 100016),
(81, 100017, 10000, 'CONFIRMED', 'ABDELLAH ELMAHFOUDY', '2025-12-13 15:44:24', '89178179817', '/uploads/deposit_100017_1765640664143.jpeg', 1, 100016),
(92, 100029, 50000, 'CONFIRMED', 'abdellah elmahfoudy', '2025-12-14 13:39:50', '62546757625', '/uploads/deposit_100029_1765719590814.jpeg', 1, 100016),
(94, 100032, 100000, 'CONFIRMED', 'abdel', '2025-12-15 14:28:37', '876782136786134786', NULL, 1, 100016),
(95, 100033, 1000000, 'CONFIRMED', 'abidal', '2025-12-15 14:46:11', '172852167189197625', NULL, 1, 100016),
(98, 100035, 100000, 'CONFIRMED', 'rabie elmahfoudy', '2025-12-15 20:55:49', '7648326832189474321', '/uploads/deposit_100035_1765832149806.jpeg', 1, 100016),
(99, 100034, 10000, 'CONFIRMED', 'AMINE AIT OUFKIR', '2025-12-18 10:33:20', '7162627272828', '/uploads/deposit_100034_1766053999948.jpg', 2, 100017),
(100, 100043, 100000, 'CONFIRMED', '1598', '2025-12-18 12:25:56', '51841981251', NULL, 2, 100017),
(101, 100043, 100000, 'CONFIRMED', '1598', '2025-12-18 12:26:52', '45182821968512', NULL, 1, 100016),
(102, 100034, 300000, 'CONFIRMED', 'AMINE AIT OUFKIR', '2025-12-20 13:06:08', '6910736673600163916900', '/uploads/deposit_100034_1766235968125.jpg', 2, 100017),
(103, 100034, 100000, 'CONFIRMED', 'AMINE AIT OUFKIR', '2025-12-20 14:58:26', '627273838271728838282', '/uploads/deposit_100034_1766242705523.png', 2, 100017),
(104, 100064, 20000, 'CONFIRMED', 'Youssef', '2025-12-21 13:00:15', '62626252671162', '/uploads/deposit_100064_1766322015160.jpg', 2, 100017),
(105, 100067, 100000, 'CONFIRMED', 'Najmou', '2025-12-21 16:34:24', '63636356181863391826363', '/uploads/deposit_100067_1766334863114.png', 2, 100017),
(106, 100069, 50000, 'PENDING', 'hhamdy', '2025-12-22 11:15:05', '171772', NULL, 1, 100016),
(107, 100078, 100000, 'CONFIRMED', 'Youssef fathi', '2025-12-24 18:14:51', '637262617717733783', '/uploads/deposit_100078_1766600091190.jpg', 2, 100017),
(108, 100078, 300000, 'CONFIRMED', 'Youssef fathi', '2025-12-24 18:18:23', '72726372722', NULL, 2, 100017);

-- --------------------------------------------------------

--
-- Structure de la table `deposit_methods`
--

CREATE TABLE `deposit_methods` (
  `id` int NOT NULL,
  `bank_name` varchar(255) COLLATE utf8mb4_general_ci NOT NULL,
  `recipient_name` varchar(255) COLLATE utf8mb4_general_ci NOT NULL,
  `account_number` varchar(255) COLLATE utf8mb4_general_ci NOT NULL,
  `rib` varchar(255) COLLATE utf8mb4_general_ci DEFAULT NULL,
  `instructions` text COLLATE utf8mb4_general_ci,
  `is_active` tinyint(1) DEFAULT '1',
  `created_at` timestamp NOT NULL DEFAULT CURRENT_TIMESTAMP,
  `motif` varchar(255) COLLATE utf8mb4_general_ci DEFAULT NULL
) ENGINE=InnoDB DEFAULT CHARSET=utf8mb4 COLLATE=utf8mb4_general_ci;

--
-- Déchargement des données de la table `deposit_methods`
--

INSERT INTO `deposit_methods` (`id`, `bank_name`, `recipient_name`, `account_number`, `rib`, `instructions`, `is_active`, `created_at`, `motif`) VALUES
(1, 'AWB', 'Service 01', '3150290101929082', 'MA31502901019290820000', 'Effectue le virement puis téléverse la capture d\'écran du reçu.', 1, '2025-12-08 20:48:30', 'EA8182095K22717Z82399JZ'),
(2, 'CIH', 'Service 02', '230780409210621100460062', 'CIH : 230 780 4092106211004600 62', 'Effectue le virement puis téléverse la capture d\'écran du reçu.', 1, '2025-12-08 20:48:30', 'EA8182095K22717Z82399JZ'),
(3, 'CIH', 'Service 03', '23078040921062110046006', 'CIH : 230 780 4092106211004600 6', 'Effectue le virement puis téléverse la capture d\'écran du reçu.', 0, '2025-12-08 20:48:30', 'EA8182095K22717Z82399JZ');

-- --------------------------------------------------------

--
-- Structure de la table `facebook_tasks`
--

CREATE TABLE `facebook_tasks` (
  `id` int NOT NULL,
  `title` varchar(255) COLLATE utf8mb4_unicode_ci NOT NULL,
  `description` text COLLATE utf8mb4_unicode_ci,
  `reward_cents` int NOT NULL DEFAULT '1000',
  `duration_seconds` int NOT NULL DEFAULT '60',
  `min_vip_level` varchar(20) COLLATE utf8mb4_unicode_ci NOT NULL DEFAULT 'FREE',
  `video_url` varchar(512) COLLATE utf8mb4_unicode_ci NOT NULL,
  `is_active` tinyint(1) DEFAULT '1',
  `created_at` timestamp NOT NULL DEFAULT CURRENT_TIMESTAMP
) ENGINE=InnoDB DEFAULT CHARSET=utf8mb4 COLLATE=utf8mb4_unicode_ci;

--
-- Déchargement des données de la table `facebook_tasks`
--

INSERT INTO `facebook_tasks` (`id`, `title`, `description`, `reward_cents`, `duration_seconds`, `min_vip_level`, `video_url`, `is_active`, `created_at`) VALUES
(1, 'Cuisine Marocaine Traditionnelle', 'Découvrez les secrets du tajine marocain authentique', 500, 15, 'FREE', 'https://www.facebook.com/share/r/16jAhBtCFf/', 1, '2025-12-13 22:53:44'),
(2, 'Voyage à Marrakech', 'Explorez les souks et la médina de Marrakech', 600, 50, 'FREE', 'https://www.facebook.com/watch/?v=1070941563889988', 1, '2025-12-13 22:53:44'),
(3, 'Recette de Couscous Royal', 'Apprenez à préparer un couscous digne des grandes occasions', 1200, 60, 'VIP', 'https://www.facebook.com/watch/?v=841735217325274', 1, '2025-12-13 22:53:44'),
(4, 'Casablanca de Nuit', 'Découvrez la vie nocturne de Casablanca', 1500, 75, 'VIP', 'https://www.facebook.com/watch/?v=1550483645474736', 1, '2025-12-13 22:53:44'),
(5, 'Artisanat Marocain', 'Les secrets de la poterie traditionnelle', 1300, 65, 'VIP', 'https://www.facebook.com/watch/?v=759472982518751', 1, '2025-12-13 22:53:44'),
(6, 'Désert du Sahara', 'Une nuit sous les étoiles dans le Sahara', 2000, 90, 'VIP', 'https://www.facebook.com/watch/?v=877974656730245', 1, '2025-12-13 22:53:44');

-- --------------------------------------------------------

--
-- Structure de la table `games_history`
--

CREATE TABLE `games_history` (
  `id` int NOT NULL,
  `user_id` int NOT NULL,
  `game_type` varchar(32) NOT NULL,
  `bet_cents` int NOT NULL,
  `bonus_cents` int NOT NULL DEFAULT '0',
  `won` tinyint(1) NOT NULL DEFAULT '0',
  `balance_before_cents` int NOT NULL DEFAULT '0',
  `balance_after_cents` int NOT NULL DEFAULT '0',
  `created_at` timestamp NULL DEFAULT CURRENT_TIMESTAMP
) ENGINE=InnoDB DEFAULT CHARSET=utf8mb4 COLLATE=utf8mb4_0900_ai_ci;

--
-- Déchargement des données de la table `games_history`
--

INSERT INTO `games_history` (`id`, `user_id`, `game_type`, `bet_cents`, `bonus_cents`, `won`, `balance_before_cents`, `balance_after_cents`, `created_at`) VALUES
(1, 100034, 'memory', 10000, 5000, 1, 144473, 149473, '2025-12-27 21:53:25'),
(2, 100034, 'memory', 10000, 0, 0, 149473, 139473, '2025-12-27 21:56:07'),
(3, 100034, 'dice', 10000, 0, 0, 139473, 129473, '2025-12-27 22:07:00'),
(4, 100034, 'dice', 500, 0, 0, 129473, 128973, '2025-12-27 22:07:22'),
(5, 100034, 'dice', 6000, 0, 0, 128973, 122973, '2025-12-27 22:07:33'),
(6, 100034, 'memory', 10000, 0, 0, 122973, 112973, '2025-12-27 22:07:43'),
(7, 100034, 'memory', 10000, 5000, 1, 112973, 117973, '2025-12-27 22:09:44'),
(8, 100034, 'memory', 10000, 0, 0, 117973, 107973, '2025-12-27 22:09:54'),
(9, 100034, 'memory', 10000, 0, 0, 107973, 97973, '2025-12-27 22:09:58'),
(10, 100034, 'memory', 10000, 0, 0, 97973, 87973, '2025-12-27 22:10:01'),
(11, 100034, 'memory', 10000, 0, 0, 87973, 77973, '2025-12-27 22:10:05'),
(12, 100034, 'memory', 10000, 0, 0, 77973, 67973, '2025-12-27 22:11:18'),
(13, 100034, 'memory', 10000, 0, 0, 67973, 57973, '2025-12-27 22:11:42'),
(14, 100034, 'memory', 10000, 0, 0, 57973, 47973, '2025-12-27 22:13:14'),
(15, 100034, 'memory', 10000, 5000, 1, 47973, 52973, '2025-12-27 22:13:18'),
(16, 100034, 'plinko', 9500, 950, 1, 52973, 53923, '2025-12-27 22:36:52'),
(17, 100034, 'plinko', 10000, 0, 0, 53923, 44923, '2025-12-27 22:37:05'),
(18, 100034, 'plinko', 10000, 0, 0, 44923, 42923, '2025-12-27 22:38:42'),
(19, 100034, 'dice', 10000, 0, 0, 42923, 32923, '2025-12-27 22:38:57'),
(20, 100034, 'dice', 10000, 0, 0, 32923, 22923, '2025-12-27 22:42:48'),
(21, 100034, 'dice', 1000, 0, 0, 22923, 21923, '2025-12-27 22:44:38'),
(22, 100034, 'dice', 1000, 0, 0, 21923, 20923, '2025-12-27 22:46:20'),
(23, 100034, 'dice', 1000, 0, 0, 20923, 19923, '2025-12-27 22:46:25'),
(24, 100034, 'dice', 1000, 0, 0, 19923, 18923, '2025-12-27 22:46:27'),
(25, 100034, 'dice', 1000, 0, 0, 18923, 17923, '2025-12-27 22:46:28'),
(26, 100034, 'dice', 1000, 0, 0, 17923, 16923, '2025-12-27 22:46:29'),
(27, 100034, 'dice', 1000, 0, 0, 16923, 15923, '2025-12-27 22:46:30'),
(28, 100034, 'dice', 1000, 0, 0, 15923, 14923, '2025-12-27 22:46:40'),
(29, 100034, 'dice', 1000, 0, 0, 14923, 13923, '2025-12-27 22:46:44'),
(30, 100034, 'dice', 1000, 0, 0, 13923, 12923, '2025-12-27 22:49:24'),
(31, 100034, 'dice', 1000, 0, 0, 12923, 11923, '2025-12-27 22:49:34'),
(32, 100034, 'dice', 1000, 0, 0, 11923, 10923, '2025-12-27 22:49:36'),
(33, 100034, 'dice', 1000, 0, 0, 10923, 9923, '2025-12-27 22:49:43'),
(34, 100034, 'dice', 1000, 0, 0, 9923, 8923, '2025-12-27 22:49:57'),
(35, 100034, 'dice', 1000, 0, 0, 8923, 7923, '2025-12-27 22:49:58'),
(36, 100034, 'dice', 1000, 0, 0, 7923, 6923, '2025-12-27 22:50:14'),
(37, 100034, 'dice', 1000, 0, 0, 6923, 5923, '2025-12-27 22:50:28'),
(38, 100034, 'dice', 1000, 0, 0, 5923, 4923, '2025-12-27 22:54:01'),
(39, 100034, 'dice', 1000, 0, 0, 4923, 3923, '2025-12-27 22:54:02'),
(40, 100034, 'dice', 1000, 0, 0, 3923, 2923, '2025-12-27 22:54:04'),
(41, 100034, 'dice', 1000, 0, 0, 2923, 1923, '2025-12-27 22:54:07'),
(42, 100034, 'dice', 1000, 0, 0, 1923, 923, '2025-12-27 22:54:19'),
(43, 100034, 'dice', 1000, 0, 0, 1000000, 999000, '2025-12-27 22:56:54'),
(44, 100034, 'dice', 1000, 0, 0, 999000, 998000, '2025-12-27 22:56:57'),
(45, 100034, 'dice', 1000, 0, 0, 998000, 997000, '2025-12-27 22:58:05'),
(46, 100034, 'dice', 1000, 0, 0, 997000, 996000, '2025-12-27 22:59:51'),
(47, 100034, 'dice', 1000, 0, 0, 996000, 995000, '2025-12-27 23:00:33'),
(48, 100034, 'dice', 1000, 0, 0, 995000, 994000, '2025-12-27 23:00:34'),
(49, 100034, 'dice', 1000, 0, 0, 994000, 993000, '2025-12-27 23:01:37'),
(50, 100034, 'dice', 1000, 0, 0, 993000, 992000, '2025-12-27 23:01:39'),
(51, 100034, 'dice', 1000, 0, 0, 992000, 991000, '2025-12-27 23:01:41'),
(52, 100034, 'dice', 1000, 0, 0, 991000, 990000, '2025-12-27 23:03:20'),
(53, 100034, 'dice', 1000, 0, 0, 990000, 989000, '2025-12-27 23:03:23'),
(54, 100034, 'dice', 1000, 0, 0, 989000, 988000, '2025-12-27 23:03:31'),
(55, 100034, 'dice', 1000, 0, 0, 988000, 987000, '2025-12-27 23:03:33'),
(56, 100034, 'dice', 100, 0, 0, 987000, 986900, '2025-12-27 23:05:33'),
(57, 100034, 'dice', 100, 0, 0, 986900, 986800, '2025-12-27 23:05:40'),
(58, 100034, 'wheel', 100, 0, 0, 986800, 986750, '2025-12-27 23:07:56'),
(59, 100034, 'wheel', 100, 0, 0, 986750, 986680, '2025-12-27 23:08:00'),
(60, 100034, 'wheel', 100, 0, 0, 986680, 986630, '2025-12-27 23:08:04'),
(61, 100034, 'plinko', 100, 10, 1, 986630, 986640, '2025-12-27 23:08:15'),
(62, 100034, 'plinko', 100, 10, 1, 986640, 986650, '2025-12-27 23:08:19'),
(63, 100034, 'plinko', 100, 0, 0, 986650, 986630, '2025-12-27 23:08:23'),
(64, 100034, 'plinko', 100, 10, 1, 986630, 986640, '2025-12-27 23:08:27'),
(65, 100034, 'plinko', 100, 0, 0, 986640, 986550, '2025-12-27 23:08:30'),
(66, 100034, 'plinko', 100, 0, 0, 986550, 986530, '2025-12-27 23:08:34'),
(67, 100034, 'plinko', 100, 0, 0, 986530, 986510, '2025-12-27 23:08:42'),
(68, 100034, 'plinko', 100, 10, 1, 986510, 986520, '2025-12-27 23:08:46'),
(69, 100034, 'plinko', 100, 10, 1, 986520, 986530, '2025-12-27 23:08:49'),
(70, 100034, 'plinko', 100, 10, 1, 986530, 986540, '2025-12-27 23:08:52'),
(71, 100034, 'plinko', 100, 10, 1, 986540, 986550, '2025-12-27 23:08:55'),
(72, 100034, 'plinko', 100, 0, 0, 986550, 986460, '2025-12-27 23:10:38'),
(73, 100034, 'plinko', 100, 10, 1, 986460, 986470, '2025-12-27 23:10:43'),
(74, 100034, 'plinko', 100, 0, 0, 986470, 986450, '2025-12-27 23:11:28'),
(75, 100034, 'plinko', 100, 0, 0, 986450, 986430, '2025-12-27 23:11:32'),
(76, 100034, 'plinko', 100, 10, 1, 986430, 986440, '2025-12-27 23:11:36'),
(77, 100034, 'plinko', 100, 10, 1, 986440, 986450, '2025-12-27 23:12:20'),
(78, 100034, 'plinko', 100, 0, 0, 986450, 986360, '2025-12-27 23:12:23'),
(79, 100034, 'plinko', 100, 0, 0, 986360, 986340, '2025-12-27 23:12:27'),
(80, 100034, 'plinko', 100, 0, 0, 986340, 986250, '2025-12-27 23:12:30'),
(81, 100034, 'plinko', 100, 0, 0, 986250, 986160, '2025-12-27 23:12:33'),
(82, 100034, 'plinko', 100, 0, 0, 986160, 986140, '2025-12-27 23:13:44'),
(83, 100034, 'plinko', 100, 0, 0, 986140, 986050, '2025-12-27 23:14:03'),
(84, 100034, 'plinko', 100, 0, 0, 986050, 986030, '2025-12-27 23:17:18'),
(85, 100034, 'plinko', 100, 0, 0, 986030, 986010, '2025-12-27 23:17:21'),
(86, 100034, 'plinko', 100, 10, 1, 986010, 986020, '2025-12-27 23:17:24'),
(87, 100034, 'plinko', 100, 0, 0, 986020, 986000, '2025-12-27 23:19:01'),
(88, 100034, 'plinko', 100, 10, 1, 986000, 986010, '2025-12-27 23:19:09'),
(89, 100034, 'plinko', 100, 10, 1, 986010, 986020, '2025-12-27 23:19:16'),
(90, 100034, 'plinko', 100, 10, 1, 986020, 986030, '2025-12-27 23:19:19'),
(91, 100034, 'memory', 1000, 0, 0, 986030, 985030, '2025-12-27 23:19:33'),
(92, 100034, 'plinko', 100, 0, 0, 985030, 985010, '2025-12-27 23:19:46'),
(93, 100034, 'plinko', 100, 0, 0, 985010, 984920, '2025-12-27 23:19:50'),
(94, 100034, 'plinko', 100, 0, 0, 984920, 984900, '2025-12-27 23:19:54'),
(95, 100034, 'plinko', 100, 0, 0, 984900, 984880, '2025-12-27 23:19:57'),
(96, 100034, 'plinko', 100, 0, 0, 984880, 984860, '2025-12-27 23:19:58'),
(97, 100034, 'plinko', 100, 0, 0, 984860, 984770, '2025-12-27 23:20:00'),
(98, 100034, 'plinko', 100, 10, 1, 984770, 984780, '2025-12-27 23:20:00'),
(99, 100034, 'plinko', 100, 10, 1, 984780, 984790, '2025-12-27 23:20:10'),
(100, 100034, 'plinko', 100, 10, 1, 984790, 984800, '2025-12-27 23:20:13'),
(101, 100034, 'plinko', 100, 10, 1, 984800, 984810, '2025-12-27 23:20:17'),
(102, 100034, 'plinko', 100, 0, 0, 984810, 984790, '2025-12-27 23:20:31'),
(103, 100034, 'plinko', 100, 0, 0, 984790, 984770, '2025-12-27 23:20:35'),
(104, 100034, 'plinko', 100, 10, 1, 984770, 984780, '2025-12-27 23:20:37'),
(105, 100034, 'wheel', 10000, 0, 1, 984780, 984780, '2025-12-27 23:21:52'),
(106, 100034, 'wheel', 10000, 0, 0, 984780, 974780, '2025-12-27 23:21:55'),
(107, 100034, 'wheel', 10000, 0, 1, 974780, 974780, '2025-12-27 23:21:57'),
(108, 100034, 'wheel', 10000, 0, 0, 974780, 964780, '2025-12-27 23:22:00'),
(109, 100034, 'wheel', 10000, 0, 0, 964780, 954780, '2025-12-27 23:22:01'),
(110, 100034, 'wheel', 10000, 0, 0, 954780, 944780, '2025-12-27 23:22:03'),
(111, 100034, 'wheel', 10000, 0, 0, 944780, 934780, '2025-12-27 23:22:04'),
(112, 100034, 'wheel', 10000, 0, 0, 934780, 932780, '2025-12-27 23:22:05'),
(113, 100034, 'wheel', 10000, 0, 0, 932780, 930280, '2025-12-27 23:22:08'),
(114, 100034, 'wheel', 10000, 0, 0, 930280, 923780, '2025-12-27 23:22:10'),
(115, 100034, 'wheel', 10000, 0, 0, 923780, 913780, '2025-12-27 23:22:11'),
(116, 100034, 'wheel', 10000, 0, 0, 913780, 912780, '2025-12-27 23:22:12'),
(117, 100034, 'wheel', 10000, 0, 0, 912780, 909780, '2025-12-27 23:22:17'),
(118, 100034, 'plinko', 100, 100, 1, 909780, 909880, '2025-12-27 23:24:47'),
(119, 100034, 'plinko', 100, 100, 1, 909880, 909980, '2025-12-27 23:24:51'),
(120, 100034, 'plinko', 100, 10, 1, 909980, 909990, '2025-12-27 23:24:55'),
(121, 100034, 'plinko', 100, 0, 0, 909990, 909900, '2025-12-27 23:24:59'),
(122, 100034, 'plinko', 100, 10, 1, 909900, 909910, '2025-12-27 23:25:03'),
(123, 100034, 'plinko', 100, 0, 0, 909910, 909890, '2025-12-27 23:29:02'),
(124, 100034, 'plinko', 100, 10, 1, 909890, 909900, '2025-12-27 23:29:06'),
(125, 100034, 'plinko', 100, 10, 1, 909900, 909910, '2025-12-27 23:29:10'),
(126, 100034, 'plinko', 100, 0, 0, 909910, 909820, '2025-12-27 23:29:13'),
(127, 100034, 'plinko', 100, 100, 1, 909820, 909920, '2025-12-27 23:29:16'),
(128, 100034, 'plinko', 10000, 1000, 1, 909920, 910920, '2025-12-27 23:29:26'),
(129, 100034, 'plinko', 10000, 1000, 1, 910920, 911920, '2025-12-27 23:29:32'),
(130, 100034, 'plinko', 10000, 10000, 1, 911920, 921920, '2025-12-27 23:29:36'),
(131, 100034, 'plinko', 10000, 1000, 1, 921920, 922920, '2025-12-27 23:29:41'),
(132, 100034, 'plinko', 10000, 90000, 1, 922920, 1012920, '2025-12-27 23:29:45'),
(133, 100034, 'plinko', 10000, 90000, 1, 1012920, 1102920, '2025-12-27 23:29:49'),
(134, 100034, 'plinko', 10000, 0, 0, 1102920, 1100920, '2025-12-27 23:29:55'),
(135, 100034, 'plinko', 10000, 90000, 1, 1100920, 1190920, '2025-12-27 23:29:58'),
(136, 100034, 'plinko', 10000, 10000, 1, 1190920, 1200920, '2025-12-27 23:30:02'),
(137, 100034, 'plinko', 10000, 0, 0, 1200920, 1191920, '2025-12-27 23:31:53'),
(138, 100034, 'plinko', 10000, 0, 0, 1191920, 1189920, '2025-12-27 23:31:57'),
(139, 100034, 'plinko', 10000, 10000, 1, 1189920, 1199920, '2025-12-27 23:32:02'),
(140, 100034, 'plinko', 10000, 1000, 1, 1199920, 1200920, '2025-12-27 23:32:05'),
(141, 100034, 'plinko', 10000, 0, 0, 1200920, 1198920, '2025-12-27 23:32:09'),
(142, 100034, 'plinko', 100, 0, 0, 1198920, 1198900, '2025-12-27 23:34:05'),
(143, 100034, 'plinko', 100, 0, 0, 1198900, 1198810, '2025-12-27 23:34:08'),
(144, 100034, 'plinko', 100, 10, 1, 1198810, 1198820, '2025-12-27 23:34:10'),
(145, 100034, 'wheel', 100, 0, 0, 1198820, 1198780, '2025-12-27 23:37:08'),
(146, 100034, 'wheel', 100, 0, 0, 1198780, 1198755, '2025-12-27 23:37:12'),
(147, 100034, 'wheel', 100, 0, 0, 1198755, 1198725, '2025-12-27 23:37:14'),
(148, 100034, 'wheel', 100, 0, 0, 1198725, 1198645, '2025-12-27 23:37:16'),
(149, 100034, 'wheel', 100, 0, 0, 1198645, 1198625, '2025-12-27 23:37:18'),
(150, 100034, 'wheel', 100, 0, 0, 1198625, 1198525, '2025-12-27 23:37:20'),
(151, 100034, 'wheel', 100, 0, 0, 1198525, 1198470, '2025-12-27 23:37:21'),
(152, 100034, 'wheel', 100, 0, 0, 1198470, 1198405, '2025-12-27 23:39:01'),
(153, 100034, 'wheel', 100, 0, 0, 1198405, 1198385, '2025-12-27 23:39:40'),
(154, 100034, 'wheel', 100, 0, 0, 1198385, 1198365, '2025-12-27 23:39:44'),
(155, 100034, 'wheel', 100, 0, 0, 1198365, 1198325, '2025-12-27 23:39:46'),
(156, 100034, 'wheel', 100, 0, 0, 1198325, 1198305, '2025-12-27 23:39:51'),
(157, 100034, 'wheel', 100, 0, 0, 1198305, 1198245, '2025-12-27 23:39:56'),
(158, 100034, 'wheel', 100, 0, 0, 1198245, 1198205, '2025-12-27 23:39:57'),
(159, 100034, 'wheel', 100, 0, 0, 1198205, 1198180, '2025-12-27 23:39:58'),
(160, 100034, 'wheel', 100, 0, 0, 1198180, 1198110, '2025-12-27 23:39:59'),
(161, 100034, 'wheel', 100, 0, 1, 1198110, 1198110, '2025-12-27 23:40:00'),
(162, 100034, 'wheel', 100, 0, 0, 1198110, 1198010, '2025-12-27 23:40:53'),
(163, 100034, 'wheel', 100, 0, 0, 1198010, 1197960, '2025-12-27 23:40:55'),
(164, 100034, 'wheel', 100, 0, 0, 1197960, 1197885, '2025-12-27 23:40:56'),
(165, 100034, 'wheel', 100, 0, 0, 1197885, 1197825, '2025-12-27 23:40:57'),
(166, 100034, 'wheel', 100, 0, 0, 1197825, 1197795, '2025-12-27 23:40:58'),
(167, 100034, 'wheel', 100, 0, 0, 1197795, 1197695, '2025-12-27 23:40:59'),
(168, 100034, 'wheel', 100, 0, 0, 1197695, 1197655, '2025-12-27 23:41:01'),
(169, 100034, 'wheel', 10000, 0, 0, 1197655, 1195155, '2025-12-27 23:42:42'),
(170, 100034, 'wheel', 10000, 0, 0, 1195155, 1188655, '2025-12-27 23:42:44'),
(171, 100034, 'wheel', 10000, 0, 0, 1188655, 1183155, '2025-12-27 23:42:46'),
(172, 100034, 'wheel', 100, 0, 0, 1183155, 1183055, '2025-12-27 23:44:08'),
(173, 100034, 'wheel', 100, 0, 0, 1183055, 1183025, '2025-12-27 23:44:11'),
(174, 100034, 'wheel', 100, 0, 0, 1183025, 1182965, '2025-12-27 23:44:16'),
(175, 100034, 'plinko', 100, 10, 1, 1182965, 1182975, '2025-12-27 23:45:24'),
(176, 100034, 'plinko', 100, 10, 1, 1182975, 1182985, '2025-12-27 23:45:29'),
(177, 100034, 'plinko', 100, 100, 1, 1182985, 1183085, '2025-12-27 23:45:34'),
(178, 100034, 'plinko', 100, 10, 1, 1183085, 1183095, '2025-12-27 23:45:38'),
(179, 100034, 'plinko', 100, 0, 0, 1183095, 1183005, '2025-12-27 23:45:42'),
(180, 100034, 'plinko', 100, 10, 1, 1183005, 1183015, '2025-12-27 23:45:45'),
(181, 100034, 'memory', 100, 50, 1, 1183015, 1183065, '2025-12-27 23:46:10'),
(182, 100034, 'memory', 100, 0, 0, 1183065, 1182965, '2025-12-27 23:46:17'),
(183, 100034, 'memory', 100, 0, 0, 1182965, 1182865, '2025-12-27 23:46:20'),
(184, 100034, 'memory', 100, 0, 0, 1182865, 1182765, '2025-12-27 23:46:25'),
(185, 100034, 'memory', 100, 50, 1, 1182765, 1182815, '2025-12-27 23:46:28'),
(186, 100034, 'memory', 10000, 0, 0, 1182815, 1172815, '2025-12-27 23:46:54'),
(187, 100034, 'memory', 10000, 0, 0, 1172815, 1162815, '2025-12-27 23:46:57'),
(188, 100034, 'memory', 10000, 5000, 1, 1162815, 1167815, '2025-12-27 23:47:00'),
(189, 100034, 'wheel', 100, 0, 0, 1167815, 1167785, '2025-12-27 23:47:13'),
(190, 100034, 'wheel', 100, 0, 0, 1167785, 1167725, '2025-12-27 23:47:19'),
(191, 100034, 'wheel', 100, 0, 0, 1167725, 1167625, '2025-12-27 23:47:23'),
(192, 100034, 'wheel', 100, 0, 0, 1167625, 1167550, '2025-12-27 23:47:25'),
(193, 100034, 'wheel', 100, 0, 0, 1167550, 1167530, '2025-12-27 23:47:28'),
(194, 100034, 'wheel', 100, 0, 0, 1167530, 1167470, '2025-12-27 23:47:30'),
(195, 100034, 'wheel', 100, 0, 0, 1167470, 1167420, '2025-12-27 23:47:31'),
(196, 100034, 'plinko', 10000, 1000, 1, 1167420, 1168420, '2025-12-27 23:48:06'),
(197, 100034, 'plinko', 10000, 10000, 1, 1168420, 1178420, '2025-12-27 23:48:10'),
(198, 100034, 'plinko', 10000, 10000, 1, 1178420, 1188420, '2025-12-27 23:48:17'),
(199, 100034, 'plinko', 10000, 0, 0, 1188420, 1186420, '2025-12-27 23:48:23'),
(200, 100034, 'plinko', 10000, 10000, 1, 1186420, 1196420, '2025-12-27 23:48:26'),
(201, 100034, 'plinko', 10000, 1000, 1, 1196420, 1197420, '2025-12-27 23:48:31'),
(202, 100034, 'plinko', 10000, 0, 0, 1197420, 1188420, '2025-12-27 23:48:37'),
(203, 100034, 'plinko', 10000, 0, 0, 1188420, 1186420, '2025-12-27 23:48:41'),
(204, 100034, 'plinko', 10000, 10000, 1, 1186420, 1196420, '2025-12-27 23:48:44'),
(205, 100034, 'plinko', 10000, 1000, 1, 1196420, 1197420, '2025-12-27 23:48:50'),
(206, 100034, 'plinko', 10000, 10000, 1, 1197420, 1207420, '2025-12-27 23:49:12'),
(207, 100034, 'plinko', 10000, 1000, 1, 1207420, 1208420, '2025-12-27 23:49:15'),
(208, 100034, 'plinko', 10000, 10000, 1, 1208420, 1218420, '2025-12-27 23:49:21'),
(209, 100034, 'plinko', 10000, 10000, 1, 1218420, 1228420, '2025-12-27 23:49:24'),
(210, 100034, 'plinko', 10000, 0, 0, 1228420, 1219420, '2025-12-27 23:55:27'),
(211, 100034, 'plinko', 10000, 10000, 1, 1219420, 1229420, '2025-12-27 23:55:30'),
(212, 100034, 'plinko', 10000, 1000, 1, 1229420, 1230420, '2025-12-27 23:55:35'),
(213, 100034, 'plinko', 10000, 1000, 1, 1230420, 1231420, '2025-12-27 23:55:40'),
(214, 100034, 'plinko', 10000, 0, 0, 1231420, 1229420, '2025-12-27 23:55:45'),
(215, 100034, 'plinko', 10000, 0, 0, 1229420, 1227420, '2025-12-27 23:55:49'),
(216, 100034, 'plinko', 10000, 0, 0, 1227420, 1225420, '2025-12-27 23:55:53'),
(217, 100034, 'plinko', 10000, 0, 0, 1225420, 1216420, '2025-12-27 23:55:56'),
(218, 100034, 'plinko', 10000, 0, 0, 1216420, 1214420, '2025-12-27 23:56:00'),
(219, 100034, 'plinko', 10000, 0, 0, 1214420, 1205420, '2025-12-27 23:56:03'),
(220, 100034, 'plinko', 10000, 0, 0, 1205420, 1196420, '2025-12-27 23:56:13'),
(221, 100034, 'plinko', 10000, 0, 0, 1196420, 1194420, '2025-12-27 23:56:17'),
(222, 100034, 'plinko', 10000, 10000, 1, 1194420, 1204420, '2025-12-27 23:56:51'),
(223, 100034, 'plinko', 10000, 1000, 1, 1204420, 1205420, '2025-12-27 23:56:55'),
(224, 100034, 'plinko', 10000, 0, 0, 1205420, 1196420, '2025-12-27 23:56:59'),
(225, 100034, 'plinko', 10000, 1000, 1, 1196420, 1197420, '2025-12-27 23:57:03'),
(226, 100034, 'plinko', 10000, 10000, 1, 1197420, 1207420, '2025-12-27 23:57:07'),
(227, 100034, 'wheel', 100, 0, 0, 1207420, 1207400, '2025-12-27 23:57:34'),
(228, 100034, 'wheel', 100, 0, 0, 1207400, 1207300, '2025-12-27 23:57:37'),
(229, 100034, 'wheel', 100, 0, 0, 1207300, 1207235, '2025-12-27 23:57:39'),
(230, 100034, 'wheel', 100, 0, 0, 1207235, 1207135, '2025-12-27 23:57:42'),
(231, 100034, 'wheel', 100, 0, 0, 1207135, 1207125, '2025-12-27 23:57:44'),
(232, 100034, 'wheel', 100, 60, 1, 1207125, 1207185, '2025-12-27 23:57:46'),
(233, 100034, 'wheel', 100, 100, 1, 1207185, 1207285, '2025-12-27 23:57:49'),
(234, 100034, 'wheel', 100, 0, 0, 1207285, 1207255, '2025-12-27 23:57:52'),
(235, 100034, 'wheel', 100, 20, 1, 1207255, 1207275, '2025-12-27 23:57:54'),
(236, 100034, 'wheel', 100, 0, 0, 1207275, 1207175, '2025-12-27 23:57:59'),
(237, 100034, 'wheel', 100, 80, 1, 1207175, 1207255, '2025-12-27 23:58:01'),
(238, 100034, 'wheel', 100, 0, 0, 1207255, 1207155, '2025-12-27 23:58:05'),
(239, 100034, 'wheel', 100, 0, 0, 1207155, 1207105, '2025-12-27 23:58:07'),
(240, 100034, 'wheel', 100, 0, 0, 1207105, 1207035, '2025-12-27 23:58:08'),
(241, 100034, 'wheel', 100, 60, 1, 1207035, 1207095, '2025-12-27 23:58:10'),
(242, 100034, 'wheel', 100, 60, 1, 1207095, 1207155, '2025-12-27 23:58:15'),
(243, 100034, 'wheel', 100, 80, 1, 1207155, 1207235, '2025-12-27 23:58:19'),
(244, 100034, 'wheel', 100, 0, 0, 1207235, 1207175, '2025-12-27 23:58:26'),
(245, 100034, 'wheel', 100, 0, 0, 1207175, 1207105, '2025-12-27 23:58:27'),
(246, 100034, 'wheel', 100, 0, 0, 1207105, 1207065, '2025-12-27 23:58:29'),
(247, 100034, 'wheel', 100, 0, 0, 1207065, 1206995, '2025-12-27 23:58:30'),
(248, 100034, 'wheel', 100, 0, 0, 1206995, 1206925, '2025-12-27 23:58:31'),
(249, 100034, 'wheel', 10000, 0, 1, 1206925, 1206925, '2025-12-27 23:58:37'),
(250, 100034, 'wheel', 10000, 0, 0, 1206925, 1199925, '2025-12-27 23:58:41'),
(251, 100034, 'wheel', 10000, 2000, 1, 1199925, 1201925, '2025-12-27 23:58:43'),
(252, 100034, 'wheel', 10000, 0, 0, 1201925, 1196925, '2025-12-27 23:58:46'),
(253, 100034, 'wheel', 10000, 0, 0, 1196925, 1188925, '2025-12-27 23:58:47'),
(254, 100034, 'wheel', 10000, 4000, 1, 1188925, 1192925, '2025-12-27 23:58:49'),
(255, 100034, 'wheel', 10000, 4000, 1, 1192925, 1196925, '2025-12-27 23:58:52'),
(256, 100034, 'wheel', 10000, 6000, 1, 1196925, 1202925, '2025-12-27 23:58:55'),
(257, 100034, 'wheel', 10000, 6000, 1, 1202925, 1208925, '2025-12-27 23:58:58'),
(258, 100034, 'wheel', 10000, 2000, 1, 1208925, 1210925, '2025-12-27 23:59:00'),
(259, 100034, 'wheel', 10000, 0, 0, 1210925, 1204925, '2025-12-27 23:59:02'),
(260, 100034, 'wheel', 10000, 8000, 1, 1204925, 1212925, '2025-12-27 23:59:04'),
(261, 100034, 'wheel', 10000, 4000, 1, 1212925, 1216925, '2025-12-27 23:59:06'),
(262, 100034, 'wheel', 10000, 0, 0, 1216925, 1214925, '2025-12-27 23:59:09'),
(263, 100034, 'wheel', 10000, 0, 0, 1214925, 1212925, '2025-12-27 23:59:11'),
(264, 100034, 'wheel', 10000, 0, 0, 1212925, 1210925, '2025-12-27 23:59:13'),
(265, 100034, 'wheel', 10000, 4000, 1, 1210925, 1214925, '2025-12-27 23:59:15'),
(266, 100034, 'wheel', 10000, 10000, 1, 1214925, 1224925, '2025-12-27 23:59:18'),
(267, 100034, 'wheel', 10000, 0, 0, 1224925, 1218925, '2025-12-27 23:59:21'),
(268, 100034, 'wheel', 10000, 0, 0, 1218925, 1211925, '2025-12-27 23:59:22'),
(269, 100034, 'wheel', 10000, 1000, 1, 1211925, 1212925, '2025-12-27 23:59:24'),
(270, 100034, 'wheel', 10000, 0, 0, 1212925, 1208925, '2025-12-27 23:59:28'),
(271, 100034, 'wheel', 10000, 0, 0, 1208925, 1198925, '2025-12-27 23:59:29'),
(272, 100034, 'wheel', 10000, 0, 0, 1198925, 1188925, '2025-12-27 23:59:30'),
(273, 100034, 'wheel', 10000, 0, 0, 1188925, 1181925, '2025-12-27 23:59:32'),
(274, 100034, 'wheel', 10000, 0, 0, 1181925, 1177925, '2025-12-27 23:59:33'),
(275, 100034, 'wheel', 10000, 10000, 1, 1177925, 1187925, '2025-12-27 23:59:34'),
(276, 100034, 'wheel', 10000, 0, 0, 1187925, 1186925, '2025-12-27 23:59:38'),
(277, 100034, 'wheel', 10000, 6000, 1, 1186925, 1192925, '2025-12-27 23:59:39'),
(278, 100034, 'wheel', 10000, 0, 0, 1192925, 1190925, '2025-12-27 23:59:42'),
(279, 100034, 'wheel', 10000, 0, 0, 1190925, 1189925, '2025-12-27 23:59:43'),
(280, 100034, 'wheel', 10000, 6000, 1, 1189925, 1195925, '2025-12-27 23:59:45'),
(281, 100034, 'wheel', 10000, 0, 0, 1195925, 1185925, '2025-12-27 23:59:47'),
(282, 100034, 'wheel', 10000, 4000, 1, 1185925, 1189925, '2025-12-27 23:59:49'),
(283, 100034, 'plinko', 10000, 0, 0, 1189925, 1180925, '2025-12-28 00:00:00'),
(284, 100034, 'plinko', 10000, 0, 0, 1180925, 1171925, '2025-12-28 00:00:03'),
(285, 100034, 'plinko', 10000, 0, 0, 1171925, 1169925, '2025-12-28 00:00:07'),
(286, 100034, 'plinko', 10000, 0, 0, 1169925, 1160925, '2025-12-28 00:00:09'),
(287, 100034, 'plinko', 10000, 0, 0, 1160925, 1158925, '2025-12-28 00:00:12'),
(288, 100034, 'plinko', 10000, 0, 0, 1158925, 1156925, '2025-12-28 00:00:15'),
(289, 100034, 'plinko', 10000, 0, 0, 1156925, 1154925, '2025-12-28 00:00:17'),
(290, 100034, 'plinko', 10000, 0, 0, 1154925, 1145925, '2025-12-28 00:00:20'),
(291, 100034, 'plinko', 10000, 1000, 1, 1145925, 1146925, '2025-12-28 00:00:23'),
(292, 100034, 'wheel', 10000, 0, 1, 1146925, 1146925, '2025-12-28 00:00:31'),
(293, 100034, 'wheel', 10000, 0, 0, 1146925, 1138925, '2025-12-28 00:00:35'),
(294, 100034, 'wheel', 10000, 1000, 1, 1138925, 1139925, '2025-12-28 00:00:37'),
(295, 100034, 'wheel', 1000, 800, 1, 1139925, 1140725, '2025-12-28 00:06:56'),
(296, 100034, 'wheel', 1000, 1000, 1, 1140725, 1141725, '2025-12-28 00:07:00'),
(297, 100034, 'wheel', 1000, 0, 0, 1141725, 1141525, '2025-12-28 00:07:03'),
(298, 100034, 'wheel', 1000, 0, 0, 1141525, 1140925, '2025-12-28 00:07:06'),
(299, 100034, 'wheel', 1000, 0, 0, 1140925, 1140225, '2025-12-28 00:07:09'),
(300, 100034, 'wheel', 1000, 0, 0, 1140225, 1139825, '2025-12-28 00:07:11'),
(301, 100034, 'wheel', 1000, 0, 0, 1139825, 1139225, '2025-12-28 00:09:10'),
(302, 100034, 'wheel', 1000, 0, 1, 1139225, 1139225, '2025-12-28 00:09:12'),
(303, 100034, 'wheel', 10000, 0, 0, 1139225, 1132225, '2025-12-28 00:13:19'),
(304, 100034, 'wheel', 10000, 0, 0, 1132225, 1125225, '2025-12-28 00:13:21'),
(305, 100034, 'wheel', 10000, 0, 0, 1125225, 1120225, '2025-12-28 00:13:22'),
(306, 100034, 'wheel', 10000, 0, 0, 1120225, 1110225, '2025-12-28 00:13:23'),
(307, 100034, 'wheel', 10000, 0, 0, 1110225, 1100225, '2025-12-28 00:13:25'),
(308, 100034, 'wheel', 10000, 0, 0, 1100225, 1093225, '2025-12-28 00:13:26'),
(309, 100034, 'wheel', 10000, 0, 0, 1093225, 1090225, '2025-12-28 00:13:28'),
(310, 100034, 'wheel', 10000, 10000, 1, 1090225, 1100225, '2025-12-28 00:13:29'),
(311, 100034, 'plinko', 2000, 0, 0, 1100225, 1098425, '2025-12-28 00:13:40'),
(312, 100034, 'plinko', 2000, 0, 0, 1098425, 1098025, '2025-12-28 00:13:41'),
(313, 100034, 'plinko', 2000, 200, 1, 1098025, 1098225, '2025-12-28 00:13:43'),
(314, 100034, 'plinko', 2000, 0, 0, 1098225, 1096425, '2025-12-28 00:13:49'),
(315, 100034, 'plinko', 2000, 2000, 1, 1096425, 1098425, '2025-12-28 00:13:52'),
(316, 100034, 'plinko', 2000, 200, 1, 1098425, 1098625, '2025-12-28 00:13:57'),
(317, 100034, 'plinko', 2000, 2000, 1, 1098625, 1100625, '2025-12-28 00:14:02'),
(318, 100034, 'memory', 10000, 0, 0, 1100625, 1090625, '2025-12-28 00:14:15'),
(319, 100034, 'memory', 10000, 0, 0, 1090625, 1080625, '2025-12-28 00:14:18'),
(320, 100034, 'memory', 10000, 5000, 1, 1080625, 1085625, '2025-12-28 00:14:21'),
(321, 100034, 'memory', 10000, 5000, 1, 1085625, 1090625, '2025-12-28 00:14:29'),
(322, 100034, 'memory', 10000, 0, 0, 1090625, 1080625, '2025-12-28 00:14:34'),
(323, 100034, 'memory', 10000, 5000, 1, 1080625, 1085625, '2025-12-28 00:14:37'),
(324, 100034, 'plinko', 2000, 2000, 1, 1085625, 1087625, '2025-12-28 00:15:55'),
(325, 100034, 'plinko', 2000, 2000, 1, 1087625, 1089625, '2025-12-28 00:15:59'),
(326, 100034, 'plinko', 2000, 200, 1, 1089625, 1089825, '2025-12-28 00:16:03'),
(327, 100034, 'plinko', 2000, 2000, 1, 1089825, 1091825, '2025-12-28 00:16:07'),
(328, 100034, 'plinko', 2000, 0, 0, 1091825, 1091425, '2025-12-28 00:16:11'),
(329, 100034, 'plinko', 2000, 0, 0, 1091425, 1091025, '2025-12-28 00:16:14'),
(330, 100034, 'plinko', 2000, 0, 0, 1091025, 1090625, '2025-12-28 00:16:17'),
(331, 100034, 'plinko', 2000, 0, 0, 1090625, 1090225, '2025-12-28 00:16:20'),
(332, 100034, 'plinko', 2000, 0, 0, 1090225, 1088425, '2025-12-28 00:16:23'),
(333, 100034, 'plinko', 2000, 0, 0, 1088425, 1086625, '2025-12-28 00:16:26'),
(334, 100034, 'plinko', 2000, 0, 0, 1086625, 1086225, '2025-12-28 00:16:29'),
(335, 100034, 'plinko', 2000, 2000, 1, 1086225, 1088225, '2025-12-28 00:16:32'),
(336, 100034, 'plinko', 10000, 0, 0, 1088225, 1086225, '2025-12-28 00:16:40'),
(337, 100034, 'plinko', 10000, 0, 0, 1086225, 1084225, '2025-12-28 00:16:41'),
(338, 100034, 'plinko', 10000, 10000, 1, 1084225, 1094225, '2025-12-28 00:16:43'),
(339, 100034, 'plinko', 10000, 90000, 1, 1094225, 1184225, '2025-12-28 00:16:47'),
(340, 100034, 'plinko', 10000, 0, 0, 1184225, 1182225, '2025-12-28 00:16:51'),
(341, 100034, 'plinko', 10000, 10000, 1, 1182225, 1192225, '2025-12-28 00:16:53'),
(342, 100034, 'plinko', 10000, 1000, 1, 1192225, 1193225, '2025-12-28 00:16:57'),
(343, 100034, 'plinko', 10000, 0, 0, 1193225, 1191225, '2025-12-28 00:17:00'),
(344, 100034, 'plinko', 10000, 90000, 1, 1191225, 1281225, '2025-12-28 00:17:03'),
(345, 100034, 'plinko', 10000, 10000, 1, 1281225, 1291225, '2025-12-28 00:17:06'),
(346, 100034, 'plinko', 10000, 1000, 1, 1291225, 1292225, '2025-12-28 00:17:09'),
(347, 100034, 'plinko', 10000, 1000, 1, 1292225, 1293225, '2025-12-28 00:17:12'),
(348, 100034, 'plinko', 10000, 0, 0, 1293225, 1291225, '2025-12-28 00:17:17'),
(349, 100034, 'plinko', 10000, 1000, 1, 1291225, 1292225, '2025-12-28 00:17:22'),
(350, 100034, 'wheel', 10000, 0, 0, 1292225, 1290225, '2025-12-28 00:17:28'),
(351, 100034, 'wheel', 10000, 0, 0, 1290225, 1281225, '2025-12-28 00:17:30'),
(352, 100034, 'wheel', 10000, 0, 0, 1281225, 1272225, '2025-12-28 00:17:32'),
(353, 100034, 'wheel', 10000, 0, 0, 1272225, 1270225, '2025-12-28 00:17:33'),
(354, 100034, 'wheel', 10000, 0, 0, 1270225, 1268225, '2025-12-28 00:17:36'),
(355, 100034, 'wheel', 10000, 0, 0, 1268225, 1266225, '2025-12-28 00:17:38'),
(356, 100034, 'wheel', 10000, 0, 0, 1266225, 1264225, '2025-12-28 00:17:40'),
(357, 100034, 'wheel', 10000, 0, 0, 1264225, 1262225, '2025-12-28 00:17:43'),
(358, 100034, 'wheel', 10000, 0, 0, 1262225, 1253225, '2025-12-28 00:17:44'),
(359, 100034, 'wheel', 10000, 0, 0, 1253225, 1244225, '2025-12-28 00:17:47'),
(360, 100034, 'wheel', 10000, 0, 0, 1244225, 1235225, '2025-12-28 00:17:48'),
(361, 100034, 'wheel', 10000, 0, 0, 1235225, 1226225, '2025-12-28 00:17:50'),
(362, 100034, 'wheel', 10000, 0, 0, 1226225, 1224225, '2025-12-28 00:17:51'),
(363, 100034, 'wheel', 10000, 0, 0, 1224225, 1215225, '2025-12-28 00:17:52'),
(364, 100034, 'wheel', 10000, 0, 0, 1215225, 1213225, '2025-12-28 00:17:54'),
(365, 100034, 'wheel', 10000, 0, 0, 1213225, 1204225, '2025-12-28 00:17:55'),
(366, 100034, 'wheel', 10000, 0, 0, 1204225, 1202225, '2025-12-28 00:17:56'),
(367, 100034, 'wheel', 10000, 0, 0, 1202225, 1200225, '2025-12-28 00:17:58'),
(368, 100034, 'wheel', 10000, 0, 0, 1200225, 1191225, '2025-12-28 00:17:59'),
(369, 100034, 'wheel', 10000, 0, 0, 1191225, 1182225, '2025-12-28 00:18:00'),
(370, 100034, 'wheel', 10000, 0, 0, 1182225, 1180225, '2025-12-28 00:18:02'),
(371, 100034, 'wheel', 10000, 0, 0, 1180225, 1171225, '2025-12-28 00:18:08'),
(372, 100034, 'wheel', 10000, 0, 0, 1171225, 1162225, '2025-12-28 00:18:09'),
(373, 100034, 'wheel', 10000, 0, 0, 1162225, 1160225, '2025-12-28 00:18:10'),
(374, 100034, 'wheel', 10000, 0, 0, 1160225, 1151225, '2025-12-28 00:18:13'),
(375, 100034, 'wheel', 10000, 0, 0, 1151225, 1142225, '2025-12-28 00:18:16'),
(376, 100034, 'wheel', 10000, 0, 0, 1142225, 1140225, '2025-12-28 00:18:19'),
(377, 100034, 'wheel', 10000, 0, 0, 1140225, 1131225, '2025-12-28 00:18:22'),
(378, 100034, 'plinko', 10000, 0, 0, 1131225, 1122225, '2025-12-28 00:26:59'),
(379, 100034, 'plinko', 10000, 0, 0, 1122225, 1120225, '2025-12-28 00:27:02'),
(380, 100034, 'plinko', 10000, 1000, 1, 1120225, 1121225, '2025-12-28 00:27:05'),
(381, 100034, 'plinko', 10000, 10000, 1, 1121225, 1131225, '2025-12-28 00:27:08'),
(382, 100034, 'plinko', 10000, 1000, 1, 1131225, 1132225, '2025-12-28 00:27:12'),
(383, 100034, 'plinko', 10000, 1000, 1, 1132225, 1133225, '2025-12-28 00:27:15'),
(384, 100034, 'plinko', 10000, 0, 0, 1133225, 1131225, '2025-12-28 00:27:20'),
(385, 100034, 'plinko', 10000, 0, 0, 1131225, 1122225, '2025-12-28 00:27:23'),
(386, 100034, 'plinko', 10000, 10000, 1, 1122225, 1132225, '2025-12-28 00:27:26'),
(387, 100034, 'plinko', 10000, 90000, 1, 1132225, 1222225, '2025-12-28 00:27:31'),
(388, 100034, 'plinko', 10000, 1000, 1, 1222225, 1223225, '2025-12-28 00:27:35'),
(389, 100034, 'plinko', 10000, 0, 0, 1223225, 1221225, '2025-12-28 00:27:39'),
(390, 100034, 'plinko', 10000, 90000, 1, 1221225, 1311225, '2025-12-28 00:27:42'),
(391, 100034, 'wheel', 10000, 0, 0, 1311225, 1302225, '2025-12-28 00:27:52'),
(392, 100034, 'wheel', 10000, 0, 0, 1302225, 1293225, '2025-12-28 00:27:55'),
(393, 100034, 'wheel', 10000, 0, 0, 1293225, 1284225, '2025-12-28 00:27:57'),
(394, 100034, 'wheel', 10000, 0, 0, 1284225, 1282225, '2025-12-28 00:28:00'),
(395, 100034, 'wheel', 10000, 0, 0, 1282225, 1273225, '2025-12-28 00:28:02'),
(396, 100034, 'wheel', 10000, 0, 0, 1273225, 1271225, '2025-12-28 00:28:04'),
(397, 100034, 'wheel', 10000, 0, 0, 1271225, 1262225, '2025-12-28 00:28:05'),
(398, 100034, 'wheel', 10000, 0, 0, 1262225, 1253225, '2025-12-28 00:28:07'),
(399, 100034, 'wheel', 10000, 0, 0, 1253225, 1244225, '2025-12-28 00:28:08'),
(400, 100034, 'wheel', 10000, 0, 0, 1244225, 1235225, '2025-12-28 00:28:09'),
(401, 100034, 'wheel', 10000, 0, 0, 1235225, 1233225, '2025-12-28 00:28:10'),
(402, 100034, 'wheel', 10000, 0, 0, 1233225, 1224225, '2025-12-28 00:28:12'),
(403, 100034, 'wheel', 10000, 0, 0, 1224225, 1215225, '2025-12-28 00:28:13'),
(404, 100034, 'wheel', 10000, 0, 0, 1215225, 1213225, '2025-12-28 00:28:14'),
(405, 100034, 'wheel', 10000, 0, 0, 1213225, 1204225, '2025-12-28 00:28:15'),
(406, 100034, 'memory', 10000, 5000, 1, 1204225, 1209225, '2025-12-28 00:28:43'),
(407, 100034, 'memory', 10000, 0, 0, 1209225, 1199225, '2025-12-28 00:28:47'),
(408, 100034, 'memory', 10000, 0, 0, 1199225, 1189225, '2025-12-28 00:28:51'),
(409, 100034, 'memory', 10000, 0, 0, 1189225, 1179225, '2025-12-28 00:28:54'),
(410, 100034, 'memory', 10000, 0, 0, 1179225, 1169225, '2025-12-28 00:28:59'),
(411, 100034, 'memory', 10000, 0, 0, 1169225, 1159225, '2025-12-28 00:29:03'),
(412, 100034, 'memory', 10000, 5000, 1, 1159225, 1164225, '2025-12-28 00:29:06'),
(413, 100034, 'wheel', 2000, 0, 0, 1164225, 1162425, '2025-12-28 11:59:26'),
(414, 100034, 'wheel', 2000, 0, 0, 1162425, 1160625, '2025-12-28 11:59:28'),
(415, 100034, 'wheel', 2000, 0, 0, 1160625, 1158825, '2025-12-28 11:59:30'),
(416, 100034, 'wheel', 2000, 0, 0, 1158825, 1158425, '2025-12-28 11:59:33'),
(417, 100034, 'plinko', 1000, 100, 1, 1158425, 1158525, '2025-12-28 11:59:58'),
(418, 100034, 'plinko', 1000, 0, 0, 1158525, 1158325, '2025-12-28 12:00:03'),
(419, 100034, 'plinko', 1000, 100, 1, 1158325, 1158425, '2025-12-28 12:00:06'),
(420, 100034, 'plinko', 1000, 0, 0, 1158425, 1157525, '2025-12-28 12:02:17'),
(421, 100034, 'plinko', 1000, 100, 1, 1157525, 1157625, '2025-12-28 12:02:20'),
(422, 100034, 'memory', 10000, 5000, 1, 1157625, 1162625, '2025-12-28 12:10:02'),
(423, 100034, 'memory', 10000, 0, 0, 1162625, 1152625, '2025-12-28 12:10:09'),
(424, 100034, 'memory', 10000, 5000, 1, 1152625, 1157625, '2025-12-28 12:10:12'),
(425, 100034, 'memory', 10000, 0, 0, 1157625, 1147625, '2025-12-28 12:10:17'),
(426, 100034, 'memory', 10000, 0, 0, 1147625, 1137625, '2025-12-28 12:10:19'),
(427, 100034, 'memory', 10000, 5000, 1, 1137625, 1142625, '2025-12-28 12:10:22'),
(428, 100034, 'plinko', 1000, 100, 1, 1142625, 1142725, '2025-12-28 12:18:46'),
(429, 100034, 'aviator', 100, 0, 0, 1142725, 1142655, '2025-12-28 12:31:04'),
(430, 100034, 'aviator', 100, 0, 0, 1142655, 1142585, '2025-12-28 12:31:10'),
(431, 100034, 'aviator', 100, 0, 0, 1142585, 1142515, '2025-12-28 12:31:18'),
(432, 100034, 'aviator', 100, 0, 0, 1142515, 1142435, '2025-12-28 12:31:23'),
(433, 100034, 'aviator', 100, 0, 0, 1142435, 1142415, '2025-12-28 12:31:27'),
(434, 100034, 'aviator', 100, 0, 0, 1142415, 1142345, '2025-12-28 12:31:33'),
(435, 100034, 'aviator', 100, 0, 0, 1142345, 1142265, '2025-12-28 12:31:38'),
(436, 100034, 'aviator', 100, 0, 0, 1142265, 1142215, '2025-12-28 12:31:42'),
(437, 100034, 'aviator', 100, 0, 0, 1142215, 1142135, '2025-12-28 12:31:46'),
(438, 100034, 'aviator', 10000, 0, 0, 1142135, 1138135, '2025-12-28 12:31:58'),
(439, 100034, 'aviator', 10000, 0, 0, 1138135, 1131135, '2025-12-28 12:32:03'),
(440, 100034, 'aviator', 10000, 0, 0, 1131135, 1124135, '2025-12-28 12:32:08'),
(441, 100034, 'aviator', 10000, 0, 0, 1124135, 1119135, '2025-12-28 12:32:28'),
(442, 100034, 'aviator', 10000, 0, 0, 1119135, 1111135, '2025-12-28 12:32:50'),
(443, 100034, 'aviator', 10000, 0, 0, 1111135, 1106135, '2025-12-28 12:33:14'),
(444, 100034, 'aviator', 10000, 0, 0, 1106135, 1099135, '2025-12-28 12:37:36'),
(445, 100034, 'aviator', 10000, 0, 0, 1099135, 1093135, '2025-12-28 12:37:41'),
(446, 100034, 'aviator', 10000, 0, 0, 1093135, 1088135, '2025-12-28 12:37:46'),
(447, 100034, 'aviator', 10000, 0, 0, 1088135, 1081135, '2025-12-28 12:37:51'),
(448, 100034, 'aviator', 10000, 0, 0, 1081135, 1078135, '2025-12-28 12:37:55'),
(449, 100034, 'aviator', 10000, 0, 0, 1078135, 1074135, '2025-12-28 12:37:59'),
(450, 100080, 'wheel', 1000, 0, 0, 50000, 49100, '2025-12-28 12:38:31'),
(451, 100080, 'wheel', 1000, 0, 0, 49100, 48200, '2025-12-28 12:38:37'),
(452, 100080, 'wheel', 1000, 0, 0, 48200, 47300, '2025-12-28 12:38:40'),
(453, 100080, 'wheel', 1000, 0, 0, 47300, 47100, '2025-12-28 12:38:45'),
(454, 100080, 'wheel', 10000, 0, 0, 47100, 38100, '2025-12-28 12:38:55'),
(455, 100034, 'aviator', 10000, 0, 0, 1074135, 1067135, '2025-12-28 12:38:56'),
(456, 100080, 'wheel', 10000, 0, 0, 38100, 36100, '2025-12-28 12:38:59'),
(457, 100034, 'aviator', 10000, 0, 0, 1067135, 1063135, '2025-12-28 12:39:00'),
(458, 100080, 'wheel', 10000, 0, 0, 36100, 27100, '2025-12-28 12:39:02'),
(459, 100034, 'aviator', 10000, 0, 0, 1063135, 1056135, '2025-12-28 12:39:04'),
(460, 100080, 'wheel', 10000, 0, 0, 27100, 25100, '2025-12-28 12:39:05'),
(461, 100034, 'aviator', 10000, 0, 0, 1056135, 1052135, '2025-12-28 12:39:08'),
(462, 100080, 'wheel', 10000, 0, 0, 25100, 16100, '2025-12-28 12:39:08'),
(463, 100080, 'wheel', 10000, 0, 0, 16100, 7100, '2025-12-28 12:39:11'),
(464, 100034, 'aviator', 10000, 0, 0, 1052135, 1049135, '2025-12-28 12:39:12'),
(465, 100034, 'aviator', 10000, 0, 0, 1049135, 1047135, '2025-12-28 12:39:16'),
(466, 100034, 'aviator', 10000, 0, 0, 1047135, 1039135, '2025-12-28 12:39:19'),
(467, 100034, 'aviator', 10000, 0, 0, 1039135, 1031135, '2025-12-28 12:39:23'),
(468, 100080, 'plinko', 1000, 0, 0, 7100, 6900, '2025-12-28 12:39:48'),
(469, 100080, 'plinko', 1000, 100, 1, 6900, 7000, '2025-12-28 12:39:49'),
(470, 100080, 'plinko', 1000, 0, 0, 7000, 6800, '2025-12-28 12:39:53'),
(471, 100080, 'plinko', 1000, 1000, 1, 6800, 7800, '2025-12-28 12:39:59'),
(472, 100080, 'plinko', 1000, 0, 0, 7800, 7600, '2025-12-28 12:40:08'),
(473, 100080, 'plinko', 1000, 9000, 1, 7600, 16600, '2025-12-28 12:40:14'),
(474, 100080, 'plinko', 1000, 0, 0, 16600, 15700, '2025-12-28 12:40:50'),
(475, 100080, 'plinko', 1000, 100, 1, 15700, 15800, '2025-12-28 12:40:51'),
(476, 100080, 'plinko', 1000, 0, 0, 15800, 15600, '2025-12-28 12:40:54'),
(477, 100080, 'plinko', 1000, 9000, 1, 15600, 24600, '2025-12-28 12:40:59'),
(478, 100080, 'plinko', 1000, 0, 0, 24600, 24400, '2025-12-28 12:41:00'),
(479, 100080, 'plinko', 1000, 0, 0, 24400, 24200, '2025-12-28 12:41:03'),
(480, 100034, 'aviator', 10000, 0, 0, 1031135, 1028135, '2025-12-28 12:41:05'),
(481, 100080, 'plinko', 1000, 0, 0, 24200, 24000, '2025-12-28 12:41:07'),
(482, 100080, 'plinko', 1000, 100, 1, 24000, 24100, '2025-12-28 12:41:09'),
(483, 100034, 'aviator', 10000, 0, 0, 1028135, 1020135, '2025-12-28 12:41:11'),
(484, 100080, 'plinko', 1000, 0, 0, 24100, 23900, '2025-12-28 12:41:13'),
(485, 100034, 'aviator', 10000, 0, 0, 1020135, 1016135, '2025-12-28 12:41:15'),
(486, 100080, 'plinko', 1000, 100, 1, 23900, 24000, '2025-12-28 12:41:16'),
(487, 100080, 'plinko', 1000, 0, 0, 24000, 23100, '2025-12-28 12:41:19'),
(488, 100080, 'plinko', 1000, 100, 1, 23100, 23200, '2025-12-28 12:41:22'),
(489, 100080, 'plinko', 1000, 100, 1, 23200, 23300, '2025-12-28 12:41:26'),
(490, 100080, 'plinko', 1000, 0, 0, 23300, 23100, '2025-12-28 12:41:29'),
(491, 100080, 'plinko', 1000, 0, 0, 23100, 22200, '2025-12-28 12:41:32'),
(492, 100080, 'plinko', 1000, 100, 1, 22200, 22300, '2025-12-28 12:41:36'),
(493, 100080, 'plinko', 1000, 0, 0, 22300, 22100, '2025-12-28 12:41:41'),
(494, 100080, 'plinko', 1000, 1000, 1, 22100, 23100, '2025-12-28 12:41:44'),
(495, 100080, 'plinko', 1000, 0, 0, 23100, 22900, '2025-12-28 12:41:48'),
(496, 100080, 'plinko', 1000, 0, 0, 22900, 22000, '2025-12-28 12:41:52'),
(497, 100034, 'aviator', 10000, 0, 0, 1016135, 1010135, '2025-12-28 12:41:54'),
(498, 100080, 'plinko', 1000, 100, 1, 22000, 22100, '2025-12-28 12:41:57'),
(499, 100080, 'plinko', 1000, 0, 0, 22100, 21200, '2025-12-28 12:42:00'),
(500, 100034, 'aviator', 10000, 0, 0, 1010135, 1003135, '2025-12-28 12:42:02'),
(501, 100080, 'plinko', 1000, 100, 1, 21200, 21300, '2025-12-28 12:42:05'),
(502, 100034, 'aviator', 10000, 0, 0, 1003135, 994135, '2025-12-28 12:43:04'),
(503, 100034, 'aviator', 10000, 0, 0, 994135, 991135, '2025-12-28 12:43:13'),
(504, 100080, 'plinko', 1000, 9000, 1, 21300, 30300, '2025-12-28 12:43:32'),
(505, 100080, 'plinko', 1000, 100, 1, 30300, 30400, '2025-12-28 12:43:36'),
(506, 100080, 'plinko', 1000, 1000, 1, 30400, 31400, '2025-12-28 12:43:37'),
(507, 100080, 'plinko', 1000, 0, 0, 31400, 30500, '2025-12-28 12:43:39'),
(508, 100080, 'plinko', 1000, 0, 0, 30500, 30300, '2025-12-28 12:43:41'),
(509, 100080, 'plinko', 1000, 0, 0, 30300, 29400, '2025-12-28 12:43:44'),
(510, 100080, 'memory', 1000, 500, 1, 29400, 29900, '2025-12-28 12:45:01'),
(511, 100080, 'memory', 1000, 0, 0, 29900, 28900, '2025-12-28 12:45:12'),
(512, 100080, 'memory', 1000, 0, 0, 28900, 27900, '2025-12-28 12:45:16'),
(513, 100080, 'memory', 1000, 0, 0, 27900, 26900, '2025-12-28 12:45:19'),
(514, 100080, 'memory', 1000, 500, 1, 26900, 27400, '2025-12-28 12:45:22'),
(515, 100080, 'memory', 10000, 0, 0, 27400, 17400, '2025-12-28 12:45:34'),
(516, 100080, 'memory', 10000, 0, 0, 17400, 7400, '2025-12-28 12:45:37'),
(517, 100034, 'aviator', 10000, 0, 0, 991135, 989135, '2025-12-28 12:54:40'),
(518, 100034, 'aviator', 10000, 0, 0, 989135, 984135, '2025-12-28 12:54:45'),
(519, 100034, 'aviator', 10000, 0, 0, 984135, 976135, '2025-12-28 12:54:48'),
(520, 100034, 'aviator', 10000, 8400, 1, 976135, 984535, '2025-12-28 12:54:52'),
(521, 100034, 'aviator', 10000, 0, 0, 984535, 975535, '2025-12-28 12:55:09'),
(522, 100034, 'aviator', 10000, 0, 0, 975535, 970535, '2025-12-28 12:55:12'),
(523, 100034, 'aviator', 10000, 0, 0, 970535, 964535, '2025-12-28 12:55:16'),
(524, 100034, 'aviator', 10000, 0, 0, 964535, 959535, '2025-12-28 12:55:20'),
(525, 100034, 'aviator', 10000, 0, 0, 959535, 957535, '2025-12-28 12:55:31'),
(526, 100034, 'aviator', 10000, 0, 0, 957535, 952535, '2025-12-28 12:55:34'),
(527, 100034, 'aviator', 10000, 0, 0, 952535, 944535, '2025-12-28 12:55:37'),
(528, 100034, 'aviator', 10000, 0, 0, 944535, 942535, '2025-12-28 12:55:40'),
(529, 100034, 'aviator', 10000, 0, 0, 942535, 939535, '2025-12-28 12:55:44'),
(530, 100034, 'aviator', 10000, 2500, 1, 939535, 942035, '2025-12-28 12:55:46'),
(531, 100034, 'aviator', 10000, 0, 0, 942035, 937035, '2025-12-28 12:55:53'),
(532, 100034, 'aviator', 10000, 0, 0, 937035, 929035, '2025-12-28 12:57:34'),
(533, 100034, 'aviator', 10000, 0, 0, 929035, 926035, '2025-12-28 12:57:37'),
(534, 100034, 'aviator', 9900, 0, 0, 926035, 920095, '2025-12-28 13:00:48'),
(535, 100034, 'aviator', 9900, 0, 0, 920095, 915145, '2025-12-28 13:02:47'),
(536, 100034, 'aviator', 9900, 0, 0, 915145, 906235, '2025-12-28 13:02:51'),
(537, 100034, 'aviator', 9900, 0, 0, 906235, 899305, '2025-12-28 13:02:55'),
(538, 100034, 'aviator', 9900, 0, 0, 899305, 891385, '2025-12-28 13:02:58'),
(539, 100034, 'aviator', 9900, 0, 0, 891385, 883465, '2025-12-28 13:03:02'),
(540, 100034, 'aviator', 9900, 7029, 1, 883465, 890494, '2025-12-28 13:03:05'),
(541, 100080, 'plinko', 100, 0, 0, 7400, 7380, '2025-12-28 13:04:57'),
(542, 100080, 'plinko', 1000, 1000, 1, 7380, 8380, '2025-12-28 13:05:00'),
(543, 100080, 'plinko', 1000, 0, 0, 8380, 8180, '2025-12-28 13:05:24'),
(544, 100080, 'plinko', 1000, 0, 0, 8180, 7980, '2025-12-28 13:05:28'),
(545, 100080, 'plinko', 1000, 100, 1, 7980, 8080, '2025-12-28 13:05:31'),
(546, 100080, 'plinko', 1000, 0, 0, 8080, 7880, '2025-12-28 13:05:35'),
(547, 100080, 'plinko', 1000, 0, 0, 7880, 6980, '2025-12-28 13:05:38'),
(548, 100080, 'plinko', 1000, 1000, 1, 6980, 7980, '2025-12-28 13:05:41'),
(549, 100080, 'plinko', 1000, 1000, 1, 7980, 8980, '2025-12-28 13:05:42'),
(550, 100080, 'plinko', 1000, 0, 0, 8980, 8780, '2025-12-28 13:05:47'),
(551, 100080, 'plinko', 1000, 1000, 1, 8780, 9780, '2025-12-28 13:05:49'),
(552, 100080, 'plinko', 1000, 1000, 1, 9780, 10780, '2025-12-28 13:05:55'),
(553, 100080, 'plinko', 1000, 0, 0, 10780, 9880, '2025-12-28 13:05:59'),
(554, 100080, 'plinko', 1000, 9000, 1, 9880, 18880, '2025-12-28 13:06:03'),
(555, 100080, 'plinko', 1000, 1000, 1, 18880, 19880, '2025-12-28 13:06:26'),
(556, 100080, 'plinko', 1000, 9000, 1, 19880, 28880, '2025-12-28 13:06:30'),
(557, 100034, 'aviator', 9900, 0, 0, 890494, 887524, '2025-12-28 13:07:28'),
(558, 100034, 'aviator', 10000, 0, 0, 887524, 883524, '2025-12-28 13:07:50'),
(559, 100034, 'aviator', 10000, 0, 0, 883524, 876524, '2025-12-28 13:09:17'),
(560, 100034, 'aviator', 1000, 0, 0, 876524, 876224, '2025-12-28 13:17:56'),
(561, 100034, 'aviator', 10000, 0, 0, 876224, 872224, '2025-12-28 13:18:02'),
(562, 100034, 'aviator', 10000, 0, 0, 872224, 866224, '2025-12-28 13:18:07'),
(563, 100034, 'aviator', 10000, 0, 0, 866224, 859224, '2025-12-28 13:18:12'),
(564, 100034, 'aviator', 10000, 0, 0, 859224, 854224, '2025-12-28 13:18:16'),
(565, 100034, 'aviator', 10000, 0, 0, 854224, 851224, '2025-12-28 13:18:20'),
(566, 100080, 'plinko', 1000, 1000, 1, 30975, 31975, '2025-12-28 13:18:40'),
(567, 100080, 'plinko', 1000, 100, 1, 31975, 32075, '2025-12-28 13:18:46'),
(568, 100034, 'aviator', 10000, 10000, 1, 851224, 861224, '2025-12-28 13:18:48'),
(569, 100080, 'plinko', 1000, 1000, 1, 32075, 33075, '2025-12-28 13:18:50'),
(570, 100034, 'aviator', 10000, 0, 0, 861224, 858224, '2025-12-28 13:18:54'),
(571, 100080, 'plinko', 1000, 0, 0, 33075, 32875, '2025-12-28 13:18:55'),
(572, 100034, 'aviator', 10000, 0, 0, 858224, 856224, '2025-12-28 13:18:58'),
(573, 100080, 'plinko', 1000, 100, 1, 32875, 32975, '2025-12-28 13:18:59'),
(574, 100034, 'aviator', 10000, 0, 0, 856224, 847224, '2025-12-28 13:19:03'),
(575, 100080, 'plinko', 1000, 1000, 1, 32975, 33975, '2025-12-28 13:19:04'),
(576, 100034, 'aviator', 10000, 0, 0, 847224, 841224, '2025-12-28 13:19:08'),
(577, 100080, 'plinko', 1000, 0, 0, 33975, 33775, '2025-12-28 13:19:08'),
(578, 100080, 'plinko', 1000, 1000, 1, 33775, 34775, '2025-12-28 13:19:12'),
(579, 100080, 'plinko', 1000, 0, 0, 34775, 33875, '2025-12-28 13:19:17'),
(580, 100080, 'plinko', 1000, 1000, 1, 33875, 34875, '2025-12-28 13:19:20'),
(581, 100080, 'plinko', 1000, 100, 1, 34875, 34975, '2025-12-28 13:19:21'),
(582, 100080, 'plinko', 1000, 0, 0, 34975, 34775, '2025-12-28 13:19:24'),
(583, 100080, 'plinko', 1000, 9000, 1, 34775, 43775, '2025-12-28 13:19:25'),
(584, 100080, 'plinko', 1000, 1000, 1, 43775, 44775, '2025-12-28 13:19:26'),
(585, 100034, 'aviator', 10000, 0, 0, 841224, 837224, '2025-12-28 13:19:28'),
(586, 100080, 'plinko', 1000, 0, 0, 44775, 44575, '2025-12-28 13:19:30'),
(587, 100080, 'plinko', 1000, 100, 1, 44575, 44675, '2025-12-28 13:19:30'),
(588, 100080, 'plinko', 1000, 0, 0, 44675, 43775, '2025-12-28 13:19:31'),
(589, 100080, 'plinko', 1000, 0, 0, 43775, 43575, '2025-12-28 13:19:32'),
(590, 100034, 'aviator', 10000, 0, 0, 837224, 832224, '2025-12-28 13:19:34'),
(591, 100080, 'plinko', 1000, 100, 1, 43575, 43675, '2025-12-28 13:19:35'),
(592, 100080, 'plinko', 1000, 1000, 1, 43675, 44675, '2025-12-28 13:19:39'),
(593, 100080, 'plinko', 1000, 100, 1, 44675, 44775, '2025-12-28 13:19:43'),
(594, 100080, 'plinko', 1000, 0, 0, 44775, 43875, '2025-12-28 13:19:47'),
(595, 100080, 'plinko', 1000, 100, 1, 43875, 43975, '2025-12-28 13:19:50'),
(596, 100080, 'plinko', 1000, 100, 1, 43975, 44075, '2025-12-28 13:19:54'),
(597, 100080, 'plinko', 1000, 0, 0, 44075, 43875, '2025-12-28 13:19:58'),
(598, 100080, 'plinko', 1000, 0, 0, 43875, 42975, '2025-12-28 13:20:02'),
(599, 100080, 'plinko', 1000, 0, 0, 42975, 42775, '2025-12-28 13:20:05'),
(600, 100080, 'plinko', 1000, 1000, 1, 42775, 43775, '2025-12-28 13:20:06'),
(601, 100080, 'plinko', 1000, 100, 1, 43775, 43875, '2025-12-28 13:20:10'),
(602, 100080, 'plinko', 1000, 0, 0, 43875, 42975, '2025-12-28 13:20:12'),
(603, 100080, 'plinko', 1000, 1000, 1, 42975, 43975, '2025-12-28 13:20:14'),
(604, 100080, 'plinko', 1000, 9000, 1, 43975, 52975, '2025-12-28 13:20:17'),
(605, 100080, 'plinko', 1000, 0, 0, 52975, 52775, '2025-12-28 13:20:18'),
(606, 100034, 'aviator', 10000, 0, 0, 832224, 830224, '2025-12-28 13:22:45'),
(607, 100034, 'aviator', 10000, 0, 0, 830224, 826224, '2025-12-28 13:22:49'),
(608, 100034, 'aviator', 10000, 0, 0, 826224, 821224, '2025-12-28 13:25:23'),
(609, 100034, 'aviator', 10000, 9000, 1, 821224, 830224, '2025-12-28 13:25:28'),
(610, 100034, 'aviator', 10000, 0, 0, 830224, 827224, '2025-12-28 13:25:34'),
(611, 100034, 'aviator', 10000, 0, 0, 827224, 819224, '2025-12-28 13:25:39'),
(612, 100034, 'aviator', 10000, 0, 0, 819224, 816224, '2025-12-28 13:25:43'),
(613, 100034, 'aviator', 10000, 0, 0, 816224, 807224, '2025-12-28 13:25:47'),
(614, 100034, 'aviator', 10000, 0, 0, 807224, 804224, '2025-12-28 13:25:51'),
(615, 100034, 'aviator', 10000, 0, 0, 804224, 800224, '2025-12-28 13:25:55'),
(616, 100034, 'aviator', 10000, 0, 0, 800224, 793224, '2025-12-28 13:25:59'),
(617, 100034, 'aviator', 10000, 0, 0, 793224, 787224, '2025-12-28 13:26:03'),
(618, 100034, 'aviator', 10000, 0, 0, 787224, 785224, '2025-12-28 13:26:07'),
(619, 100034, 'aviator', 10000, 6299, 1, 785224, 791523, '2025-12-28 13:26:11'),
(620, 100034, 'wheel', 10000, 0, 0, 791523, 782523, '2025-12-28 13:30:33'),
(621, 100034, 'wheel', 10000, 0, 0, 782523, 773523, '2025-12-28 13:30:35'),
(622, 100034, 'wheel', 10000, 0, 0, 773523, 764523, '2025-12-28 13:30:38'),
(623, 100034, 'wheel', 10000, 0, 0, 764523, 755523, '2025-12-28 13:30:42'),
(624, 100034, 'wheel', 10000, 0, 0, 755523, 746523, '2025-12-28 13:30:45'),
(625, 100034, 'wheel', 10000, 0, 0, 746523, 744523, '2025-12-28 13:30:49'),
(626, 100034, 'plinko', 100, 100, 1, 744523, 744623, '2025-12-28 13:33:19'),
(627, 100034, 'plinko', 100, 10, 1, 744623, 744633, '2025-12-28 13:33:23'),
(628, 100034, 'plinko', 100, 900, 1, 744633, 745533, '2025-12-28 13:33:28'),
(629, 100034, 'plinko', 100, 10, 1, 745533, 745543, '2025-12-28 13:33:34'),
(630, 100034, 'plinko', 100, 0, 0, 745543, 745523, '2025-12-28 13:33:38'),
(631, 100034, 'plinko', 100, 0, 0, 745523, 745433, '2025-12-28 13:33:41'),
(632, 100034, 'wheel', 100, 0, 0, 745433, 745343, '2025-12-28 13:34:03'),
(633, 100034, 'wheel', 100, 0, 0, 745343, 745253, '2025-12-28 13:34:06'),
(634, 100034, 'wheel', 100, 0, 0, 745253, 745233, '2025-12-28 13:34:09'),
(635, 100034, 'wheel', 10000, 0, 0, 745233, 736233, '2025-12-28 13:34:17'),
(636, 100034, 'wheel', 10000, 0, 0, 736233, 734233, '2025-12-28 13:34:20'),
(637, 100034, 'wheel', 10000, 0, 0, 734233, 732233, '2025-12-28 13:34:25'),
(638, 100034, 'wheel', 10000, 0, 0, 732233, 723233, '2025-12-28 13:34:29'),
(639, 100034, 'wheel', 10000, 0, 0, 723233, 721233, '2025-12-28 13:34:48'),
(640, 100034, 'wheel', 10000, 0, 0, 721233, 712233, '2025-12-28 13:35:27'),
(641, 100034, 'wheel', 10000, 0, 0, 712233, 703233, '2025-12-28 13:35:36'),
(642, 100034, 'wheel', 10000, 0, 0, 703233, 694233, '2025-12-28 13:35:44'),
(643, 100034, 'wheel', 10000, 0, 0, 694233, 685233, '2025-12-28 13:35:52'),
(644, 100034, 'wheel', 10000, 0, 0, 685233, 676233, '2025-12-28 13:35:58'),
(645, 100034, 'wheel', 10000, 0, 0, 676233, 667233, '2025-12-28 13:36:00'),
(646, 100034, 'wheel', 10000, 0, 0, 667233, 658233, '2025-12-28 13:36:01'),
(647, 100034, 'wheel', 10000, 0, 0, 658233, 656233, '2025-12-28 13:36:02'),
(648, 100034, 'wheel', 10000, 0, 0, 656233, 647233, '2025-12-28 13:36:02'),
(649, 100034, 'wheel', 10000, 0, 0, 647233, 638233, '2025-12-28 13:36:04'),
(650, 100034, 'wheel', 10000, 0, 0, 638233, 629233, '2025-12-28 13:36:05'),
(651, 100034, 'wheel', 10000, 0, 0, 629233, 620233, '2025-12-28 13:36:06'),
(652, 100034, 'wheel', 10000, 0, 0, 620233, 611233, '2025-12-28 13:36:07'),
(653, 100034, 'wheel', 10000, 0, 0, 611233, 602233, '2025-12-28 13:36:08'),
(654, 100034, 'wheel', 10000, 0, 0, 602233, 600233, '2025-12-28 13:36:10'),
(655, 100034, 'wheel', 10000, 0, 0, 600233, 598233, '2025-12-28 13:36:22'),
(656, 100034, 'plinko', 10000, 10000, 1, 598233, 608233, '2025-12-28 13:36:49'),
(657, 100034, 'plinko', 10000, 0, 0, 608233, 606233, '2025-12-28 13:36:56'),
(658, 100034, 'plinko', 10000, 1000, 1, 606233, 607233, '2025-12-28 13:37:03'),
(659, 100034, 'plinko', 10000, 1000, 1, 607233, 608233, '2025-12-28 13:37:16'),
(660, 100034, 'plinko', 10000, 0, 0, 608233, 599233, '2025-12-28 13:37:26'),
(661, 100034, 'plinko', 10000, 10000, 1, 599233, 609233, '2025-12-28 13:37:40'),
(662, 100034, 'memory', 10000, 0, 0, 609233, 599233, '2025-12-28 13:38:06'),
(663, 100034, 'memory', 10000, 0, 0, 599233, 589233, '2025-12-28 13:38:21');
INSERT INTO `games_history` (`id`, `user_id`, `game_type`, `bet_cents`, `bonus_cents`, `won`, `balance_before_cents`, `balance_after_cents`, `created_at`) VALUES
(664, 100034, 'memory', 10000, 0, 0, 589233, 579233, '2025-12-28 13:38:24'),
(665, 100034, 'memory', 10000, 5000, 1, 579233, 584233, '2025-12-28 13:38:28'),
(666, 100034, 'aviator', 10000, 0, 0, 584233, 581233, '2025-12-28 13:38:51'),
(667, 100034, 'aviator', 10000, 0, 0, 581233, 577233, '2025-12-28 13:38:58'),
(668, 100034, 'aviator', 10000, 0, 0, 577233, 575233, '2025-12-28 13:39:04'),
(669, 100034, 'aviator', 10000, 0, 0, 575233, 569233, '2025-12-28 13:39:10'),
(670, 100034, 'aviator', 10000, 0, 0, 569233, 560233, '2025-12-28 13:39:18'),
(671, 100034, 'aviator', 10000, 0, 0, 560233, 551233, '2025-12-28 13:39:26'),
(672, 100034, 'aviator', 10000, 0, 0, 551233, 547233, '2025-12-28 13:39:30'),
(673, 100034, 'aviator', 10000, 0, 0, 547233, 544233, '2025-12-28 13:39:34'),
(674, 100034, 'aviator', 10000, 0, 0, 544233, 536233, '2025-12-28 13:39:38'),
(675, 100034, 'aviator', 10000, 2300, 1, 536233, 538533, '2025-12-28 13:39:42'),
(676, 100034, 'aviator', 10000, 0, 0, 538533, 530533, '2025-12-28 13:41:48'),
(677, 100034, 'aviator', 10000, 0, 0, 530533, 523533, '2025-12-28 13:42:08'),
(678, 100034, 'aviator', 10000, 0, 0, 523533, 518533, '2025-12-28 13:42:16'),
(679, 100034, 'aviator', 10000, 0, 0, 518533, 510533, '2025-12-28 13:42:32'),
(680, 100034, 'aviator', 10000, 0, 0, 510533, 507533, '2025-12-28 13:42:44'),
(681, 100034, 'aviator', 10000, 0, 0, 507533, 499533, '2025-12-28 13:43:05'),
(682, 100034, 'aviator', 10000, 0, 0, 499533, 495533, '2025-12-28 16:45:02'),
(683, 100034, 'aviator', 10000, 0, 0, 495533, 488533, '2025-12-28 16:45:07'),
(684, 100034, 'aviator', 10000, 0, 0, 488533, 485533, '2025-12-28 16:45:11'),
(685, 100034, 'aviator', 10000, 1299, 1, 485533, 486832, '2025-12-28 16:45:15'),
(686, 100034, 'aviator', 10000, 0, 0, 486832, 477832, '2025-12-28 16:45:24'),
(687, 100034, 'aviator', 10000, 0, 0, 477832, 472832, '2025-12-28 16:45:28'),
(688, 100034, 'aviator', 10000, 0, 0, 472832, 470832, '2025-12-28 16:45:32'),
(689, 100034, 'aviator', 10000, 0, 0, 470832, 467832, '2025-12-28 16:45:35'),
(690, 100034, 'plinko', 100, 0, 0, 467832, 467812, '2025-12-28 16:45:45'),
(691, 100034, 'plinko', 100, 10, 1, 467812, 467822, '2025-12-28 16:45:48'),
(692, 100034, 'wheel', 5000, 0, 0, 467822, 466822, '2025-12-28 16:45:57'),
(693, 100034, 'wheel', 5000, 0, 0, 466822, 462322, '2025-12-28 16:46:01'),
(694, 100034, 'wheel', 5000, 0, 0, 462322, 457822, '2025-12-28 16:46:04'),
(695, 100034, 'wheel', 5000, 0, 0, 457822, 453322, '2025-12-28 16:46:06'),
(696, 100034, 'wheel', 5000, 0, 0, 453322, 452322, '2025-12-28 16:46:07'),
(697, 100034, 'wheel', 5000, 0, 0, 452322, 451322, '2025-12-28 16:46:10'),
(698, 100034, 'wheel', 5000, 0, 0, 451322, 450322, '2025-12-28 16:46:11'),
(699, 100034, 'wheel', 5000, 0, 0, 450322, 449322, '2025-12-28 16:46:12'),
(700, 100034, 'wheel', 5000, 0, 0, 449322, 444822, '2025-12-28 16:46:13'),
(701, 100034, 'wheel', 5000, 0, 0, 444822, 443822, '2025-12-28 16:46:14'),
(702, 100034, 'wheel', 5000, 0, 0, 443822, 442822, '2025-12-28 16:46:15'),
(703, 100034, 'wheel', 5000, 0, 0, 442822, 438322, '2025-12-28 16:46:16'),
(704, 100034, 'wheel', 5000, 0, 0, 438322, 437322, '2025-12-28 16:46:17'),
(705, 100034, 'wheel', 5000, 0, 0, 437322, 432822, '2025-12-28 16:46:18'),
(706, 100034, 'wheel', 5000, 0, 0, 432822, 428322, '2025-12-28 16:46:19'),
(707, 100034, 'wheel', 5000, 0, 0, 428322, 423822, '2025-12-28 16:46:19'),
(708, 100034, 'wheel', 5000, 0, 0, 423822, 422822, '2025-12-28 16:46:20'),
(709, 100034, 'wheel', 5000, 0, 0, 422822, 418322, '2025-12-28 16:46:21'),
(710, 100034, 'wheel', 5000, 0, 0, 418322, 413822, '2025-12-28 16:46:22'),
(711, 100034, 'wheel', 5000, 0, 0, 413822, 409322, '2025-12-28 16:46:23'),
(712, 100034, 'wheel', 5000, 0, 0, 409322, 404822, '2025-12-28 16:46:25'),
(713, 100034, 'wheel', 5000, 0, 0, 404822, 403822, '2025-12-28 16:46:25'),
(714, 100034, 'wheel', 5000, 0, 0, 403822, 402822, '2025-12-28 16:46:26'),
(715, 100034, 'wheel', 5000, 0, 0, 402822, 401822, '2025-12-28 16:46:27'),
(716, 100034, 'memory', 10000, 0, 0, 401822, 391822, '2025-12-28 16:46:34'),
(717, 100034, 'memory', 10000, 5000, 1, 391822, 396822, '2025-12-28 16:46:37'),
(718, 100034, 'memory', 10000, 0, 0, 396822, 386822, '2025-12-28 16:46:42'),
(719, 100034, 'memory', 10000, 0, 0, 386822, 376822, '2025-12-28 16:46:44'),
(720, 100034, 'memory', 10000, 0, 0, 376822, 366822, '2025-12-28 16:46:46'),
(721, 100034, 'memory', 10000, 0, 0, 366822, 356822, '2025-12-28 16:46:49'),
(722, 100034, 'memory', 10000, 0, 0, 356822, 346822, '2025-12-28 16:46:51'),
(723, 100034, 'memory', 10000, 0, 0, 346822, 336822, '2025-12-28 16:46:54'),
(724, 100034, 'memory', 10000, 5000, 1, 336822, 341822, '2025-12-28 16:46:56'),
(725, 100034, 'aviator', 10000, 0, 0, 341822, 333822, '2025-12-28 16:47:01'),
(726, 100034, 'aviator', 10000, 0, 0, 333822, 330822, '2025-12-28 16:47:08'),
(727, 100034, 'aviator', 10000, 0, 0, 330822, 326822, '2025-12-28 16:47:13'),
(728, 100034, 'aviator', 10000, 0, 0, 326822, 318822, '2025-12-28 16:47:17'),
(729, 100034, 'aviator', 10000, 0, 0, 318822, 314822, '2025-12-28 16:47:21'),
(730, 100034, 'aviator', 10000, 9900, 1, 314822, 324722, '2025-12-28 16:47:26'),
(731, 100034, 'aviator', 10000, 0, 0, 324722, 320722, '2025-12-28 16:47:32'),
(732, 100034, 'aviator', 10000, 0, 0, 320722, 313722, '2025-12-28 16:47:36'),
(733, 100034, 'aviator', 10000, 0, 0, 313722, 306722, '2025-12-28 16:47:39'),
(734, 100034, 'aviator', 10000, 0, 0, 306722, 299722, '2025-12-28 16:47:45'),
(735, 100034, 'aviator', 10000, 0, 0, 299722, 291722, '2025-12-28 16:47:48'),
(736, 100034, 'aviator', 10000, 0, 0, 291722, 285722, '2025-12-28 16:47:52'),
(737, 100034, 'aviator', 10000, 0, 0, 285722, 281722, '2025-12-28 16:47:55'),
(738, 100034, 'aviator', 10000, 0, 0, 281722, 275722, '2025-12-28 16:48:01'),
(739, 100034, 'aviator', 10000, 0, 0, 275722, 270722, '2025-12-28 16:48:05'),
(740, 100034, 'aviator', 10000, 7800, 1, 270722, 278522, '2025-12-28 16:48:09'),
(741, 100034, 'aviator', 10000, 0, 0, 278522, 275522, '2025-12-28 16:48:17'),
(742, 100034, 'aviator', 10000, 0, 0, 275522, 269522, '2025-12-28 16:48:22'),
(743, 100034, 'aviator', 10000, 0, 0, 269522, 263522, '2025-12-28 16:48:26'),
(744, 100034, 'aviator', 10000, 0, 0, 263522, 256522, '2025-12-28 16:48:29'),
(745, 100034, 'aviator', 10000, 0, 0, 256522, 248522, '2025-12-28 16:48:33'),
(746, 100034, 'aviator', 10000, 0, 0, 248522, 244522, '2025-12-28 16:48:36'),
(747, 100034, 'aviator', 10000, 0, 0, 244522, 238522, '2025-12-28 18:40:05'),
(748, 100034, 'aviator', 10000, 0, 0, 238522, 236522, '2025-12-28 18:40:09'),
(749, 100034, 'aviator', 10000, 0, 0, 236522, 228522, '2025-12-28 18:40:14'),
(750, 100034, 'aviator', 10000, 2600, 1, 228522, 231122, '2025-12-28 18:40:18'),
(751, 100034, 'aviator', 10000, 0, 0, 231122, 225122, '2025-12-28 18:40:25'),
(752, 100034, 'plinko', 10000, 0, 0, 225122, 223122, '2025-12-28 18:40:35'),
(753, 100034, 'plinko', 10000, 1000, 1, 223122, 224122, '2025-12-28 18:40:39'),
(754, 100034, 'plinko', 10000, 1000, 1, 224122, 225122, '2025-12-28 18:40:44'),
(755, 100034, 'plinko', 10000, 10000, 1, 225122, 235122, '2025-12-28 18:40:48'),
(756, 100034, 'plinko', 10000, 10000, 1, 235122, 245122, '2025-12-28 18:40:54'),
(757, 100034, 'plinko', 10000, 10000, 1, 245122, 255122, '2025-12-28 18:40:58'),
(758, 100034, 'plinko', 10000, 1000, 1, 255122, 256122, '2025-12-28 18:41:02'),
(759, 100034, 'plinko', 10000, 0, 0, 256122, 254122, '2025-12-28 18:41:06'),
(760, 100034, 'plinko', 10000, 10000, 1, 254122, 264122, '2025-12-28 18:41:09'),
(761, 100034, 'plinko', 10000, 0, 0, 264122, 255122, '2025-12-28 18:41:13'),
(762, 100034, 'plinko', 10000, 10000, 1, 255122, 265122, '2025-12-28 18:41:17'),
(763, 100034, 'plinko', 10000, 0, 0, 265122, 263122, '2025-12-28 18:41:21'),
(764, 100034, 'plinko', 10000, 0, 0, 263122, 261122, '2025-12-28 18:41:25'),
(765, 100034, 'plinko', 10000, 90000, 1, 261122, 351122, '2025-12-28 18:41:29'),
(766, 100034, 'plinko', 10000, 0, 0, 351122, 349122, '2025-12-28 18:41:34'),
(767, 100034, 'plinko', 10000, 0, 0, 349122, 347122, '2025-12-28 18:41:38'),
(768, 100034, 'plinko', 10000, 10000, 1, 347122, 357122, '2025-12-28 18:41:42'),
(769, 100034, 'plinko', 10000, 90000, 1, 357122, 447122, '2025-12-28 18:41:45'),
(770, 100034, 'plinko', 10000, 10000, 1, 447122, 457122, '2025-12-28 18:41:46'),
(771, 100034, 'plinko', 10000, 0, 0, 457122, 455122, '2025-12-28 18:41:46'),
(772, 100034, 'plinko', 10000, 90000, 1, 455122, 545122, '2025-12-28 18:41:47'),
(773, 100034, 'plinko', 10000, 10000, 1, 545122, 555122, '2025-12-28 18:41:50'),
(774, 100034, 'plinko', 10000, 10000, 1, 555122, 565122, '2025-12-28 18:41:50'),
(775, 100034, 'plinko', 10000, 90000, 1, 565122, 655122, '2025-12-28 18:41:51'),
(776, 100034, 'plinko', 10000, 1000, 1, 655122, 656122, '2025-12-28 18:41:51'),
(777, 100034, 'plinko', 10000, 0, 0, 656122, 647122, '2025-12-28 18:41:52'),
(778, 100034, 'plinko', 10000, 1000, 1, 647122, 648122, '2025-12-28 18:41:53'),
(779, 100034, 'plinko', 10000, 90000, 1, 648122, 738122, '2025-12-28 18:41:57'),
(780, 100034, 'plinko', 10000, 0, 0, 738122, 729122, '2025-12-28 18:41:57'),
(781, 100034, 'plinko', 10000, 0, 0, 729122, 727122, '2025-12-28 18:41:58'),
(782, 100034, 'plinko', 10000, 0, 0, 727122, 725122, '2025-12-28 18:42:01'),
(783, 100034, 'plinko', 10000, 0, 0, 725122, 716122, '2025-12-28 18:42:01'),
(784, 100034, 'plinko', 10000, 0, 0, 716122, 707122, '2025-12-28 18:42:02'),
(785, 100034, 'plinko', 10000, 90000, 1, 707122, 797122, '2025-12-28 18:42:02'),
(786, 100034, 'plinko', 10000, 0, 0, 797122, 795122, '2025-12-28 18:42:03'),
(787, 100034, 'plinko', 10000, 10000, 1, 795122, 805122, '2025-12-28 18:42:03'),
(788, 100034, 'plinko', 10000, 90000, 1, 805122, 895122, '2025-12-28 18:42:12'),
(789, 100034, 'plinko', 10000, 1000, 1, 895122, 896122, '2025-12-28 18:42:13'),
(790, 100034, 'plinko', 10000, 0, 0, 896122, 894122, '2025-12-28 18:42:13'),
(791, 100034, 'plinko', 10000, 90000, 1, 894122, 984122, '2025-12-28 18:42:17'),
(792, 100034, 'plinko', 10000, 0, 0, 984122, 982122, '2025-12-28 18:42:18'),
(793, 100034, 'plinko', 10000, 0, 0, 982122, 973122, '2025-12-28 18:42:18'),
(794, 100034, 'plinko', 10000, 1000, 1, 973122, 974122, '2025-12-28 18:42:21'),
(795, 100034, 'plinko', 10000, 0, 0, 974122, 972122, '2025-12-28 18:42:22'),
(796, 100034, 'plinko', 10000, 90000, 1, 972122, 1062122, '2025-12-28 18:42:22'),
(797, 100034, 'plinko', 10000, 90000, 1, 1062122, 1152122, '2025-12-28 18:42:23'),
(798, 100034, 'plinko', 10000, 0, 0, 1152122, 1150122, '2025-12-28 18:42:24'),
(799, 100034, 'plinko', 10000, 0, 0, 1150122, 1148122, '2025-12-28 18:42:24'),
(800, 100034, 'plinko', 10000, 10000, 1, 1148122, 1158122, '2025-12-28 18:42:25'),
(801, 100034, 'plinko', 10000, 90000, 1, 1158122, 1248122, '2025-12-28 18:42:28'),
(802, 100034, 'plinko', 10000, 10000, 1, 1248122, 1258122, '2025-12-28 18:42:29'),
(803, 100034, 'plinko', 10000, 1000, 1, 1258122, 1259122, '2025-12-28 18:42:29'),
(804, 100034, 'plinko', 10000, 10000, 1, 1259122, 1269122, '2025-12-28 18:42:30'),
(805, 100034, 'plinko', 10000, 0, 0, 1269122, 1267122, '2025-12-28 18:42:30'),
(806, 100034, 'plinko', 10000, 0, 0, 1267122, 1265122, '2025-12-28 18:42:31'),
(807, 100034, 'wheel', 10000, 0, 0, 1265122, 1256122, '2025-12-28 18:42:45'),
(808, 100034, 'wheel', 10000, 0, 0, 1256122, 1254122, '2025-12-28 18:42:45'),
(809, 100034, 'wheel', 10000, 0, 0, 1254122, 1252122, '2025-12-28 18:42:46'),
(810, 100034, 'wheel', 10000, 0, 0, 1252122, 1250122, '2025-12-28 18:42:47'),
(811, 100034, 'wheel', 10000, 0, 0, 1250122, 1241122, '2025-12-28 18:42:47'),
(812, 100034, 'wheel', 10000, 0, 0, 1241122, 1239122, '2025-12-28 18:42:48'),
(813, 100034, 'wheel', 10000, 0, 0, 1239122, 1237122, '2025-12-28 18:42:48'),
(814, 100034, 'wheel', 10000, 0, 0, 1237122, 1235122, '2025-12-28 18:42:49'),
(815, 100034, 'wheel', 10000, 0, 0, 1235122, 1226122, '2025-12-28 18:42:49'),
(816, 100034, 'wheel', 10000, 0, 0, 1226122, 1224122, '2025-12-28 18:42:50'),
(817, 100034, 'wheel', 10000, 0, 0, 1224122, 1215122, '2025-12-28 18:42:51'),
(818, 100034, 'wheel', 10000, 0, 0, 1215122, 1213122, '2025-12-28 18:42:51'),
(819, 100034, 'wheel', 10000, 0, 0, 1213122, 1204122, '2025-12-28 18:42:52'),
(820, 100034, 'wheel', 10000, 0, 0, 1204122, 1195122, '2025-12-28 18:42:52'),
(821, 100034, 'wheel', 10000, 0, 0, 1195122, 1193122, '2025-12-28 18:42:53'),
(822, 100034, 'wheel', 10000, 0, 0, 1193122, 1191122, '2025-12-28 18:42:53'),
(823, 100034, 'wheel', 10000, 0, 0, 1191122, 1189122, '2025-12-28 18:42:54'),
(824, 100034, 'wheel', 10000, 0, 0, 1189122, 1180122, '2025-12-28 18:42:55'),
(825, 100034, 'wheel', 10000, 0, 0, 1180122, 1171122, '2025-12-28 18:42:55'),
(826, 100034, 'wheel', 10000, 0, 0, 1171122, 1162122, '2025-12-28 18:42:56'),
(827, 100034, 'wheel', 10000, 0, 0, 1162122, 1160122, '2025-12-28 18:42:57'),
(828, 100034, 'wheel', 10000, 0, 0, 1160122, 1151122, '2025-12-28 18:42:57'),
(829, 100034, 'wheel', 10000, 0, 0, 1151122, 1142122, '2025-12-28 18:42:58'),
(830, 100034, 'wheel', 10000, 0, 0, 1142122, 1133122, '2025-12-28 18:42:58'),
(831, 100034, 'wheel', 10000, 0, 0, 1133122, 1131122, '2025-12-28 18:42:59'),
(832, 100034, 'wheel', 10000, 0, 0, 1131122, 1122122, '2025-12-28 18:42:59'),
(833, 100034, 'wheel', 10000, 0, 0, 1122122, 1120122, '2025-12-28 18:43:00'),
(834, 100034, 'wheel', 10000, 0, 0, 1120122, 1111122, '2025-12-28 18:43:00'),
(835, 100034, 'wheel', 10000, 0, 0, 1111122, 1102122, '2025-12-28 18:43:01'),
(836, 100034, 'wheel', 10000, 0, 0, 1102122, 1093122, '2025-12-28 18:43:02'),
(837, 100034, 'wheel', 10000, 0, 0, 1093122, 1084122, '2025-12-28 18:43:02'),
(838, 100034, 'wheel', 10000, 0, 0, 1084122, 1082122, '2025-12-28 18:43:03'),
(839, 100034, 'plinko', 10000, 10000, 1, 1082122, 1092122, '2025-12-28 18:43:10'),
(840, 100034, 'plinko', 10000, 1000, 1, 1092122, 1093122, '2025-12-28 18:43:17'),
(841, 100034, 'plinko', 10000, 1000, 1, 1093122, 1094122, '2025-12-28 18:43:18'),
(842, 100034, 'plinko', 10000, 0, 0, 1094122, 1092122, '2025-12-28 18:43:19'),
(843, 100034, 'plinko', 10000, 1000, 1, 1092122, 1093122, '2025-12-28 18:43:19'),
(844, 100034, 'plinko', 10000, 10000, 1, 1093122, 1103122, '2025-12-28 18:43:23'),
(845, 100034, 'plinko', 10000, 10000, 1, 1103122, 1113122, '2025-12-28 18:43:23'),
(846, 100034, 'plinko', 10000, 1000, 1, 1113122, 1114122, '2025-12-28 18:43:24'),
(847, 100034, 'plinko', 10000, 1000, 1, 1114122, 1115122, '2025-12-28 18:43:24'),
(848, 100034, 'plinko', 10000, 1000, 1, 1115122, 1116122, '2025-12-28 18:43:25'),
(849, 100034, 'plinko', 10000, 10000, 1, 1116122, 1126122, '2025-12-28 18:43:25'),
(850, 100034, 'plinko', 10000, 10000, 1, 1126122, 1136122, '2025-12-28 18:43:26'),
(851, 100034, 'plinko', 10000, 1000, 1, 1136122, 1137122, '2025-12-28 18:43:26'),
(852, 100034, 'plinko', 10000, 90000, 1, 1137122, 1227122, '2025-12-28 18:43:27'),
(853, 100034, 'plinko', 10000, 10000, 1, 1227122, 1237122, '2025-12-28 18:43:27'),
(854, 100034, 'plinko', 10000, 10000, 1, 1237122, 1247122, '2025-12-28 18:43:28'),
(855, 100034, 'plinko', 10000, 10000, 1, 1247122, 1257122, '2025-12-28 18:43:29'),
(856, 100034, 'plinko', 10000, 10000, 1, 1257122, 1267122, '2025-12-28 18:43:29'),
(857, 100034, 'plinko', 10000, 1000, 1, 1267122, 1268122, '2025-12-28 18:43:30'),
(858, 100034, 'plinko', 10000, 0, 0, 1268122, 1266122, '2025-12-28 18:43:30'),
(859, 100034, 'plinko', 10000, 1000, 1, 1266122, 1267122, '2025-12-28 18:43:31'),
(860, 100034, 'plinko', 10000, 1000, 1, 1267122, 1268122, '2025-12-28 18:43:31'),
(861, 100034, 'plinko', 10000, 1000, 1, 1268122, 1269122, '2025-12-28 18:43:31'),
(862, 100034, 'plinko', 10000, 0, 0, 1269122, 1260122, '2025-12-28 18:43:32'),
(863, 100034, 'plinko', 10000, 10000, 1, 1260122, 1270122, '2025-12-28 18:43:32'),
(864, 100034, 'plinko', 10000, 0, 0, 1270122, 1268122, '2025-12-28 18:43:33'),
(865, 100034, 'plinko', 10000, 0, 0, 1268122, 1259122, '2025-12-28 18:43:34'),
(866, 100034, 'plinko', 10000, 10000, 1, 1259122, 1269122, '2025-12-28 18:43:39'),
(867, 100034, 'plinko', 10000, 1000, 1, 1269122, 1270122, '2025-12-28 18:43:40'),
(868, 100034, 'plinko', 10000, 1000, 1, 1270122, 1271122, '2025-12-28 18:43:40'),
(869, 100034, 'plinko', 10000, 0, 0, 1271122, 1269122, '2025-12-28 18:43:41'),
(870, 100034, 'plinko', 10000, 90000, 1, 1269122, 1359122, '2025-12-28 18:43:41'),
(871, 100034, 'plinko', 10000, 1000, 1, 1359122, 1360122, '2025-12-28 18:43:42'),
(872, 100034, 'plinko', 10000, 0, 0, 1360122, 1358122, '2025-12-28 18:43:42'),
(873, 100034, 'plinko', 10000, 0, 0, 1358122, 1356122, '2025-12-28 18:43:43'),
(874, 100034, 'plinko', 10000, 0, 0, 1356122, 1354122, '2025-12-28 18:43:44'),
(875, 100034, 'plinko', 10000, 0, 0, 1354122, 1345122, '2025-12-28 18:43:47'),
(876, 100034, 'plinko', 10000, 0, 0, 1345122, 1336122, '2025-12-28 18:43:47'),
(877, 100034, 'plinko', 10000, 10000, 1, 1336122, 1346122, '2025-12-28 18:43:48'),
(878, 100034, 'plinko', 10000, 10000, 1, 1346122, 1356122, '2025-12-28 18:43:48'),
(879, 100034, 'plinko', 10000, 0, 0, 1356122, 1354122, '2025-12-28 18:43:49'),
(880, 100034, 'plinko', 10000, 0, 0, 1354122, 1352122, '2025-12-28 18:43:49'),
(881, 100034, 'plinko', 10000, 10000, 1, 1352122, 1362122, '2025-12-28 18:43:50'),
(882, 100034, 'aviator', 10000, 0, 0, 1362122, 1359122, '2025-12-28 18:51:53'),
(883, 100034, 'plinko', 10000, 1000, 1, 1359122, 1360122, '2025-12-28 18:52:02'),
(884, 100034, 'plinko', 10000, 0, 0, 1360122, 1351122, '2025-12-28 18:52:06'),
(885, 100034, 'plinko', 10000, 0, 0, 1351122, 1342122, '2025-12-28 18:52:09'),
(886, 100034, 'plinko', 10000, 0, 0, 1342122, 1333122, '2025-12-28 18:52:12'),
(887, 100034, 'plinko', 10000, 1000, 1, 1333122, 1334122, '2025-12-28 18:52:14'),
(888, 100034, 'plinko', 10000, 1000, 1, 1334122, 1335122, '2025-12-28 18:52:18'),
(889, 100034, 'plinko', 10000, 1000, 1, 1335122, 1336122, '2025-12-28 18:52:24'),
(890, 100034, 'plinko', 10000, 90000, 1, 1336122, 1426122, '2025-12-28 18:52:28'),
(891, 100034, 'plinko', 10000, 0, 0, 1426122, 1424122, '2025-12-28 18:52:32'),
(892, 100034, 'plinko', 10000, 1000, 1, 1424122, 1425122, '2025-12-28 18:52:34'),
(893, 100034, 'plinko', 10000, 0, 0, 1425122, 1423122, '2025-12-28 18:52:34'),
(894, 100034, 'plinko', 10000, 10000, 1, 1423122, 1433122, '2025-12-28 18:52:35'),
(895, 100034, 'plinko', 10000, 0, 0, 1433122, 1424122, '2025-12-28 18:52:36'),
(896, 100034, 'plinko', 10000, 0, 0, 1424122, 1415122, '2025-12-28 18:52:36'),
(897, 100034, 'plinko', 10000, 0, 0, 1415122, 1413122, '2025-12-28 18:52:39'),
(898, 100034, 'plinko', 10000, 10000, 1, 1413122, 1423122, '2025-12-28 18:52:39'),
(899, 100034, 'plinko', 10000, 1000, 1, 1423122, 1424122, '2025-12-28 18:52:40'),
(900, 100034, 'plinko', 10000, 10000, 1, 1424122, 1434122, '2025-12-28 18:52:40'),
(901, 100034, 'plinko', 10000, 0, 0, 1434122, 1432122, '2025-12-28 18:52:41'),
(902, 100034, 'plinko', 10000, 1000, 1, 1432122, 1433122, '2025-12-28 18:52:41'),
(903, 100034, 'plinko', 10000, 0, 0, 1433122, 1424122, '2025-12-28 18:52:42'),
(904, 100034, 'plinko', 10000, 10000, 1, 1424122, 1434122, '2025-12-28 18:52:42'),
(905, 100034, 'plinko', 10000, 0, 0, 1434122, 1432122, '2025-12-28 18:52:43'),
(906, 100034, 'plinko', 10000, 1000, 1, 1432122, 1433122, '2025-12-28 18:52:44'),
(907, 100034, 'plinko', 10000, 0, 0, 1433122, 1431122, '2025-12-28 18:52:47'),
(908, 100034, 'plinko', 10000, 90000, 1, 1431122, 1521122, '2025-12-28 18:52:47'),
(909, 100034, 'plinko', 10000, 0, 0, 1521122, 1519122, '2025-12-28 18:52:48'),
(910, 100034, 'plinko', 10000, 0, 0, 1519122, 1517122, '2025-12-28 18:52:48'),
(911, 100034, 'plinko', 10000, 0, 0, 1517122, 1508122, '2025-12-28 18:52:49'),
(912, 100034, 'plinko', 10000, 0, 0, 1508122, 1506122, '2025-12-28 18:52:52'),
(913, 100034, 'plinko', 10000, 0, 0, 1506122, 1504122, '2025-12-28 18:52:52'),
(914, 100034, 'plinko', 10000, 0, 0, 1504122, 1495122, '2025-12-28 18:52:53'),
(915, 100034, 'plinko', 10000, 10000, 1, 1495122, 1505122, '2025-12-28 18:52:54'),
(916, 100034, 'plinko', 10000, 0, 0, 1505122, 1503122, '2025-12-28 18:52:55'),
(917, 100034, 'plinko', 10000, 0, 0, 1503122, 1501122, '2025-12-28 18:53:39'),
(918, 100034, 'plinko', 10000, 0, 0, 1501122, 1499122, '2025-12-28 18:53:46'),
(919, 100034, 'plinko', 10000, 10000, 1, 1499122, 1509122, '2025-12-28 18:53:49'),
(920, 100034, 'plinko', 10000, 10000, 1, 1509122, 1519122, '2025-12-28 18:53:54'),
(921, 100034, 'plinko', 10000, 0, 0, 1519122, 1517122, '2025-12-28 18:53:58'),
(922, 100034, 'plinko', 10000, 1000, 1, 1517122, 1518122, '2025-12-28 18:54:02'),
(923, 100034, 'wheel', 10000, 0, 0, 1518122, 1516122, '2025-12-28 18:54:13'),
(924, 100034, 'wheel', 10000, 0, 0, 1516122, 1507122, '2025-12-28 18:54:20'),
(925, 100034, 'wheel', 10000, 0, 0, 1507122, 1505122, '2025-12-28 18:54:22'),
(926, 100034, 'memory', 10000, 0, 0, 1505122, 1495122, '2025-12-28 18:54:37'),
(927, 100034, 'memory', 10000, 5000, 1, 1495122, 1500122, '2025-12-28 18:54:41'),
(928, 100034, 'memory', 10000, 5000, 1, 1500122, 1505122, '2025-12-28 18:54:45'),
(929, 100034, 'memory', 10000, 0, 0, 1505122, 1495122, '2025-12-28 18:54:49'),
(930, 100034, 'memory', 10000, 0, 0, 1495122, 1485122, '2025-12-28 18:54:54'),
(931, 100034, 'memory', 10000, 5000, 1, 1485122, 1490122, '2025-12-28 18:54:57'),
(932, 100034, 'memory', 10000, 0, 0, 1490122, 1480122, '2025-12-28 18:56:06'),
(933, 100034, 'memory', 10000, 0, 0, 1480122, 1470122, '2025-12-28 18:56:10'),
(934, 100034, 'memory', 10000, 0, 0, 1470122, 1460122, '2025-12-28 18:56:13'),
(935, 100034, 'memory', 10000, 5000, 1, 1460122, 1465122, '2025-12-28 18:56:16'),
(936, 100034, 'aviator', 10000, 0, 0, 1465122, 1460122, '2025-12-28 18:56:26'),
(937, 100034, 'aviator', 10000, 0, 0, 1460122, 1456122, '2025-12-28 18:56:30'),
(938, 100034, 'aviator', 10000, 0, 0, 1456122, 1452122, '2025-12-28 18:56:34'),
(939, 100034, 'aviator', 10000, 0, 0, 1452122, 1447122, '2025-12-28 18:56:39'),
(940, 100034, 'aviator', 10000, 0, 0, 1447122, 1444122, '2025-12-28 18:56:43'),
(941, 100034, 'aviator', 10000, 0, 0, 1444122, 1438122, '2025-12-28 18:56:47'),
(942, 100034, 'aviator', 10000, 0, 0, 1438122, 1436122, '2025-12-28 18:56:52'),
(943, 100034, 'aviator', 10000, 9900, 1, 1436122, 1446022, '2025-12-28 18:56:57');

-- --------------------------------------------------------

--
-- Structure de la table `instagram_tasks`
--

CREATE TABLE `instagram_tasks` (
  `id` int NOT NULL,
  `title` varchar(255) COLLATE utf8mb4_unicode_ci NOT NULL,
  `description` text COLLATE utf8mb4_unicode_ci,
  `reward_cents` int NOT NULL DEFAULT '1000',
  `duration_seconds` int NOT NULL DEFAULT '60',
  `min_vip_level` varchar(20) COLLATE utf8mb4_unicode_ci NOT NULL DEFAULT 'FREE',
  `video_url` varchar(512) COLLATE utf8mb4_unicode_ci NOT NULL,
  `is_active` tinyint(1) DEFAULT '1',
  `created_at` timestamp NOT NULL DEFAULT CURRENT_TIMESTAMP
) ENGINE=InnoDB DEFAULT CHARSET=utf8mb4 COLLATE=utf8mb4_unicode_ci;

--
-- Déchargement des données de la table `instagram_tasks`
--

INSERT INTO `instagram_tasks` (`id`, `title`, `description`, `reward_cents`, `duration_seconds`, `min_vip_level`, `video_url`, `is_active`, `created_at`) VALUES
(1, 'Mode & Style Quotidien', 'Tenue casual chic pour tous les jours', 550, 40, 'FREE', 'https://www.instagram.com/reel/DRfKyWUAM79/?igsh=aGY0N25xc3F5OHo=', 1, '2025-12-13 22:53:44'),
(2, 'Fitness Motivation', 'Routine matinale pour bien commencer la journée', 600, 45, 'FREE', 'https://www.instagram.com/reel/C9876543210/', 1, '2025-12-13 22:53:44'),
(3, 'Transformation Fitness', 'Résultats après 30 jours de challenge', 1300, 65, 'VIP', 'https://www.instagram.com/reel/CzAbCdEfGhI/', 1, '2025-12-13 22:53:44'),
(4, 'Recettes Healthy Gourmet', 'Cuisine saine et délicieuse', 1500, 70, 'VIP', 'https://www.instagram.com/reel/CxYzAbCdEfG/', 1, '2025-12-13 22:53:44'),
(5, 'Voyage Maldives Luxe', 'Les plus beaux resorts des Maldives', 2000, 90, 'VIP', 'https://www.instagram.com/reel/CwVuTsRqPoN/', 1, '2025-12-13 22:53:44'),
(6, 'Photographie Pro Tips', 'Techniques avancées de photographie mobile', 1700, 80, 'VIP', 'https://www.instagram.com/reel/CvMlKjIhGfE/', 1, '2025-12-13 22:53:44');

-- --------------------------------------------------------

--
-- Structure de la table `password_reset_tokens`
--

CREATE TABLE `password_reset_tokens` (
  `id` int NOT NULL,
  `user_id` int NOT NULL,
  `token_hash` varchar(128) NOT NULL,
  `expires_at` datetime NOT NULL,
  `used_at` datetime DEFAULT NULL,
  `created_at` timestamp NULL DEFAULT CURRENT_TIMESTAMP
) ENGINE=InnoDB DEFAULT CHARSET=utf8mb4 COLLATE=utf8mb4_0900_ai_ci;

--
-- Déchargement des données de la table `password_reset_tokens`
--

INSERT INTO `password_reset_tokens` (`id`, `user_id`, `token_hash`, `expires_at`, `used_at`, `created_at`) VALUES
(1, 100034, '6c7708e07555ea0141124e1efe59271f8655783226ee50416a5ccd5a3c25d106', '2025-12-27 21:47:52', '2025-12-27 12:49:11', '2025-12-27 20:47:52'),
(2, 100034, '3c722c95d651b75ec0e28e3505f18c781721df53bf6338b505eba0a575f3c7d3', '2025-12-27 21:49:12', '2025-12-27 12:49:49', '2025-12-27 20:49:11'),
(3, 100034, '8652718b9d5176aa72e68edb442b82d0b621a82bf545f37f67d6e5a46bc17908', '2025-12-27 21:59:34', '2025-12-27 13:00:26', '2025-12-27 20:59:34'),
(4, 100034, 'fe3ec396fb0662d01f7b9a895aec37d05f34b16d6aea0e1f796b1bac20833868', '2025-12-27 22:00:26', '2025-12-27 13:00:45', '2025-12-27 21:00:26'),
(5, 100034, '84a65660d2cf8bfc762350a258441f93890a977db269cbc7fcc4da6568cbcd00', '2025-12-27 22:00:46', '2025-12-27 13:01:21', '2025-12-27 21:00:45'),
(6, 100045, '408fcb3b6d13933bf08494b77a190e8ddf37f7973ff144645c11fa8d7f65c5ec', '2025-12-27 22:11:23', '2025-12-27 13:12:19', '2025-12-27 21:11:23');

-- --------------------------------------------------------

--
-- Structure de la table `promo_codes`
--

CREATE TABLE `promo_codes` (
  `id` int NOT NULL,
  `code` varchar(32) COLLATE utf8mb4_general_ci NOT NULL,
  `amount_cents` int NOT NULL,
  `created_by_user_id` int NOT NULL,
  `created_at` timestamp NOT NULL DEFAULT CURRENT_TIMESTAMP,
  `used_by_user_id` int DEFAULT NULL,
  `used_at` timestamp NULL DEFAULT NULL
) ENGINE=InnoDB DEFAULT CHARSET=utf8mb4 COLLATE=utf8mb4_general_ci;

--
-- Déchargement des données de la table `promo_codes`
--

INSERT INTO `promo_codes` (`id`, `code`, `amount_cents`, `created_by_user_id`, `created_at`, `used_by_user_id`, `used_at`) VALUES
(18, '3X6PFH7QPZ', 157, 100004, '2025-12-10 00:32:19', NULL, '2025-12-10 01:46:24'),
(19, '3Q2MNDV5SV', 147, 100004, '2025-12-10 00:35:00', NULL, '2025-12-10 01:48:22'),
(20, 'UGAQ2H79XJ', 106, 100004, '2025-12-10 00:39:26', NULL, '2025-12-10 01:51:00'),
(21, 'PQPX2MJYR3', 137, 100004, '2025-12-10 01:33:36', NULL, '2025-12-10 01:51:32'),
(22, 'YFPCS7LMDB', 176, 100004, '2025-12-10 01:33:41', NULL, '2025-12-10 01:53:07'),
(23, 'NXA2QB5D45', 106, 100004, '2025-12-10 01:34:07', NULL, NULL),
(24, '99DWE3BYTU', 168, 100004, '2025-12-10 01:34:07', NULL, NULL),
(25, '9U9WMLBD35', 124, 100004, '2025-12-10 01:34:07', NULL, NULL),
(26, 'PUEXCQ6EEV', 149, 100004, '2025-12-10 01:34:07', NULL, NULL),
(27, 'LQT3QADSDH', 115, 100004, '2025-12-10 01:34:07', NULL, NULL),
(28, '9XCVJ6HYCW', 174, 100004, '2025-12-10 01:34:07', NULL, NULL),
(29, '6UHHTRCFXY', 103, 100004, '2025-12-10 01:34:07', NULL, NULL),
(30, 'GDNQ8EH3A3', 160, 100004, '2025-12-10 01:34:07', NULL, NULL),
(31, 'NPQWW93AME', 118, 100004, '2025-12-10 01:34:07', NULL, NULL),
(32, 'HDGBEWMMGY', 107, 100004, '2025-12-10 01:34:07', NULL, NULL),
(33, 'RWNX2W95FS', 166, 100004, '2025-12-10 01:34:07', NULL, NULL),
(34, '3HL23FUQ6Z', 144, 100004, '2025-12-10 01:34:07', NULL, NULL),
(35, 'NXFGYXXM4F', 173, 100004, '2025-12-10 01:34:07', NULL, NULL),
(36, 'E7ZAUZXVCT', 102, 100004, '2025-12-10 01:34:07', NULL, NULL),
(37, '5RCDQKMY2R', 141, 100004, '2025-12-10 01:34:07', NULL, NULL),
(38, 'UEEGKRWVKL', 108, 100004, '2025-12-10 01:34:07', NULL, NULL),
(39, 'RTK3R53MQS', 154, 100004, '2025-12-10 01:34:07', NULL, NULL),
(40, 'F7MQUMA9W5', 167, 100004, '2025-12-10 01:34:07', NULL, NULL),
(41, 'R86HRFM63F', 163, 100004, '2025-12-10 01:34:07', NULL, NULL),
(42, '4PZZTMJL92', 145, 100004, '2025-12-10 01:34:07', NULL, NULL),
(43, 'E7S69GGC2Y', 140, 100004, '2025-12-10 01:36:20', NULL, NULL),
(44, 'R3EKZE5ZCP', 102, 100004, '2025-12-10 01:53:37', NULL, '2025-12-10 01:54:04'),
(45, 'QUQ4R2PGAM', 140, 100004, '2025-12-10 02:00:01', NULL, NULL),
(46, 'G79WTNWZRF', 177, 100004, '2025-12-10 02:07:42', NULL, NULL),
(47, 'TE5Y8MCW9L', 118, 100004, '2025-12-10 02:08:08', NULL, NULL),
(48, 'APT8PMBN7Y', 177, 100004, '2025-12-10 02:08:09', NULL, NULL),
(49, 'F6GEMG7FWQ', 181, 100004, '2025-12-10 02:10:08', NULL, NULL),
(50, '5N939FTGGH', 108, 100004, '2025-12-10 02:10:09', NULL, NULL),
(51, 'PN66XMTSRM', 199, 100004, '2025-12-10 02:10:09', NULL, NULL),
(52, 'X4UBKJMTFQ', 193, 100004, '2025-12-10 02:10:09', NULL, NULL),
(53, 'WU3ZQ3JNHD', 196, 100004, '2025-12-10 02:10:09', NULL, NULL),
(54, 'M4PKCCNUR3', 197, 100004, '2025-12-10 02:13:54', NULL, NULL),
(55, 'CAB4XQG8X5', 140, 100004, '2025-12-10 02:13:54', NULL, NULL),
(56, '5RN9XE2P53', 128, 100004, '2025-12-10 02:13:54', NULL, NULL),
(57, 'NRRN3K2BSB', 114, 100004, '2025-12-10 02:13:54', NULL, NULL),
(58, 'K9CFR7LX66', 165, 100004, '2025-12-10 02:13:54', NULL, NULL),
(59, 'L8PNYMRSSN', 175, 100004, '2025-12-10 02:13:54', NULL, NULL),
(60, 'QKW3CK77HD', 176, 100004, '2025-12-10 02:13:54', NULL, NULL),
(61, 'VP4UN6WV5D', 175, 100004, '2025-12-10 02:13:54', NULL, NULL),
(62, 'CNWXTUEVE4', 182, 100004, '2025-12-10 02:13:54', NULL, NULL),
(63, 'PQPVXV4285', 128, 100004, '2025-12-10 02:13:54', NULL, '2025-12-10 02:14:14'),
(64, 'PCW8N26FBV', 198, 100004, '2025-12-10 02:17:29', NULL, '2025-12-10 02:17:46'),
(65, '9RL792VH5C', 190, 100004, '2025-12-10 02:21:44', NULL, NULL),
(66, 'L7E4VDNN7Y', 172, 100004, '2025-12-10 18:22:25', NULL, NULL),
(67, 'HZA6QLJ7BU', 155, 100004, '2025-12-10 18:22:26', NULL, NULL),
(68, 'BH5AXWU4SF', 138, 100004, '2025-12-10 18:22:27', NULL, NULL),
(69, 'U628BKNYJ7', 161, 100004, '2025-12-10 18:32:55', NULL, NULL),
(70, '6JE22TGC6D', 139, 100004, '2025-12-10 18:39:10', NULL, NULL),
(71, '3RE7YY79SR', 126, 100004, '2025-12-10 18:39:10', NULL, NULL),
(72, 'VCTGUUZE5X', 110, 100004, '2025-12-10 18:39:10', NULL, NULL),
(73, '8EJZ9PWZ3D', 151, 100004, '2025-12-10 18:39:10', NULL, NULL),
(74, 'N7W4FNKG5L', 108, 100004, '2025-12-10 19:19:28', NULL, NULL),
(75, 'FW7BLLZPA7', 148, 100004, '2025-12-10 22:24:26', NULL, NULL),
(76, 'M9J8VF472M', 199, 100004, '2025-12-11 22:07:32', NULL, NULL),
(77, 'Z4ZDJU5WEK', 106, 100004, '2025-12-11 22:07:33', NULL, NULL),
(78, 'RHFC93TN7K', 140, 100004, '2025-12-11 22:09:17', NULL, NULL),
(79, 'C56PHVL3W2', 105, 100004, '2025-12-11 22:09:19', NULL, NULL),
(80, '5Y3M8QYKJH', 109, 100004, '2025-12-11 22:09:19', NULL, NULL),
(81, 'XGEE7DCD3E', 135, 100004, '2025-12-11 22:09:19', NULL, NULL),
(82, 'QY37854NKG', 142, 100004, '2025-12-11 22:09:20', NULL, NULL),
(83, 'RCYT9TNTW4', 106, 100004, '2025-12-11 22:09:20', NULL, NULL),
(84, 'XS2TLG3MTK', 127, 100004, '2025-12-11 22:09:20', NULL, NULL),
(85, 'MQ7HZRL5HK', 173, 100004, '2025-12-11 22:09:20', NULL, NULL),
(86, 'V9SJNEYZR6', 119, 100004, '2025-12-11 22:09:32', NULL, NULL),
(87, '3TWJQ3KLWZ', 164, 100004, '2025-12-11 22:10:43', NULL, NULL),
(88, 'KXXTDVGN8B', 155, 100004, '2025-12-11 22:11:48', NULL, NULL),
(89, 'LNAQUWY3P4', 104, 100004, '2025-12-11 22:13:47', NULL, NULL),
(90, '8WDVQ8XJPJ', 131, 100004, '2025-12-11 22:13:49', NULL, NULL),
(91, 'EGAQYNF8A8', 142, 100004, '2025-12-11 22:13:49', NULL, NULL),
(92, 'BKS8JZ4C9R', 163, 100004, '2025-12-11 22:13:49', NULL, NULL),
(93, 'NL4KF7ZR37', 155, 100004, '2025-12-11 22:13:50', NULL, NULL),
(94, 'NQDVD3KCMB', 158, 100004, '2025-12-11 22:13:50', NULL, NULL),
(95, '8AM447JPR2', 103, 100004, '2025-12-11 22:13:50', NULL, NULL),
(96, 'UCHRBDAJM2', 195, 100004, '2025-12-11 22:13:51', NULL, NULL),
(97, 'CFXBEWTJHC', 176, 100004, '2025-12-11 22:13:51', NULL, NULL),
(98, 'YNG2HCWNZQ', 196, 100004, '2025-12-11 22:13:51', NULL, NULL),
(99, 'RVHYG3KB69', 141, 100004, '2025-12-11 22:13:51', NULL, NULL),
(100, 'RRFA4FR4L5', 186, 100004, '2025-12-11 22:13:51', NULL, NULL),
(101, 'QDWCUAKK3J', 115, 100004, '2025-12-11 22:13:51', NULL, NULL),
(102, 'SV4PXZX8QY', 169, 100004, '2025-12-11 22:13:52', NULL, NULL),
(103, 'AG6HGSZMGJ', 135, 100004, '2025-12-11 22:20:29', NULL, NULL),
(104, 'EFVQ34TLEP', 125, 100004, '2025-12-11 22:29:00', NULL, NULL),
(105, 'EXMB9ZJQY9', 155, 100004, '2025-12-11 22:44:29', NULL, NULL),
(106, 'BHX4YAEMK3', 141, 100004, '2025-12-12 18:11:40', NULL, NULL),
(107, 'M55PLX8UML', 187, 100004, '2025-12-12 18:40:38', NULL, NULL),
(108, 'MK2VV5DCAA', 110, 100004, '2025-12-13 11:58:40', NULL, NULL),
(109, 'RWJ5VE3WUK', 114, 100004, '2025-12-13 16:50:41', NULL, NULL),
(110, 'P324B2KSL3', 118, 100004, '2025-12-15 21:17:17', NULL, NULL),
(111, '6QWL2HUTEG', 197, 100004, '2025-12-19 22:51:12', NULL, NULL),
(112, 'KMN39GY6V2', 160, 100004, '2025-12-21 16:40:32', NULL, NULL);

-- --------------------------------------------------------

--
-- Structure de la table `promo_code_uses`
--

CREATE TABLE `promo_code_uses` (
  `id` int NOT NULL,
  `promo_code_id` int NOT NULL,
  `user_id` int NOT NULL,
  `used_at` timestamp NOT NULL DEFAULT CURRENT_TIMESTAMP,
  `amount_cents` int NOT NULL DEFAULT '0'
) ENGINE=InnoDB DEFAULT CHARSET=utf8mb4 COLLATE=utf8mb4_general_ci;

--
-- Déchargement des données de la table `promo_code_uses`
--

INSERT INTO `promo_code_uses` (`id`, `promo_code_id`, `user_id`, `used_at`, `amount_cents`) VALUES
(6, 69, 100004, '2025-12-10 18:33:01', 162),
(7, 68, 100004, '2025-12-10 18:34:57', 157),
(8, 73, 100004, '2025-12-10 18:39:55', 116),
(9, 74, 100004, '2025-12-10 19:20:50', 162),
(13, 75, 100004, '2025-12-10 22:25:32', 148),
(16, 107, 100016, '2025-12-12 18:40:59', 191),
(17, 108, 100017, '2025-12-13 11:58:51', 172),
(18, 110, 100035, '2025-12-15 21:17:34', 150),
(19, 111, 100048, '2025-12-19 22:51:40', 180);

-- --------------------------------------------------------

--
-- Structure de la table `promo_role_keys`
--

CREATE TABLE `promo_role_keys` (
  `id` int NOT NULL,
  `secret_hash` varchar(255) COLLATE utf8mb4_general_ci NOT NULL,
  `updated_at` timestamp NOT NULL DEFAULT CURRENT_TIMESTAMP ON UPDATE CURRENT_TIMESTAMP
) ENGINE=InnoDB DEFAULT CHARSET=utf8mb4 COLLATE=utf8mb4_general_ci;

--
-- Déchargement des données de la table `promo_role_keys`
--

INSERT INTO `promo_role_keys` (`id`, `secret_hash`, `updated_at`) VALUES
(1, '$2b$10$rhfUbrFLdQNKeuHLsGk16e2bhRGo7YgkWOzZD.5YM/X.eGJ3mc4oi', '2025-12-10 02:11:00');

-- --------------------------------------------------------

--
-- Structure de la table `rate_store_completions`
--

CREATE TABLE `rate_store_completions` (
  `id` int NOT NULL,
  `user_id` int NOT NULL,
  `store_name` varchar(50) COLLATE utf8mb4_unicode_ci NOT NULL,
  `product_id` varchar(50) COLLATE utf8mb4_unicode_ci NOT NULL,
  `product_name` varchar(255) COLLATE utf8mb4_unicode_ci NOT NULL,
  `rating` int NOT NULL,
  `comment` text COLLATE utf8mb4_unicode_ci,
  `reward_cents` int NOT NULL,
  `balance_before_cents` int NOT NULL,
  `balance_after_cents` int NOT NULL,
  `created_at` timestamp NULL DEFAULT CURRENT_TIMESTAMP,
  `created_date` date DEFAULT (curdate())
) ENGINE=InnoDB DEFAULT CHARSET=utf8mb4 COLLATE=utf8mb4_unicode_ci;

--
-- Déchargement des données de la table `rate_store_completions`
--

INSERT INTO `rate_store_completions` (`id`, `user_id`, `store_name`, `product_id`, `product_name`, `rating`, `comment`, `reward_cents`, `balance_before_cents`, `balance_after_cents`, `created_at`, `created_date`) VALUES
(1, 100034, 'marjane', 'm2', 'Lait entier UHT 1L', 3, 'ihzozai', 247, 401900, 402147, '2025-12-20 16:33:15', '2025-12-20'),
(2, 100034, 'marjane', 'm3', 'Riz basmati 5kg', 5, 'uizyahzaeufygezau', 235, 402147, 402382, '2025-12-20 16:34:20', '2025-12-20'),
(3, 100034, 'jumia', 'j5', 'Chargeur rapide USB-C 65W', 5, '\"_èrç\"_è\'é\"è-', 124, 402382, 402506, '2025-12-20 16:35:25', '2025-12-20'),
(4, 100048, 'marjane', 'm5', 'Sucre blanc 2kg', 5, '\'--\"éç_\'è\"_çéè\'\"é', 159, 7269, 7428, '2025-12-20 16:44:50', '2025-12-20'),
(5, 100048, 'marjane', 'm4', 'Café moulu 500g', 3, 'è\"-\'ç_\"é\'è_\"-\'', 145, 7428, 7573, '2025-12-20 16:44:57', '2025-12-20'),
(6, 100048, 'marjane', 'm2', 'Lait entier UHT 1L', 5, '_ry-uzdiadgaz', 290, 7573, 7863, '2025-12-20 16:45:05', '2025-12-20'),
(36, 100058, 'jumia', 'j5', 'Chargeur rapide USB-C 65W', 1, 'ماشي شي جودة ', 60, 534, 594, '2025-12-20 22:15:34', '2025-12-20'),
(37, 100058, 'jumia', 'j2', 'Écouteurs Bluetooth TWS', 1, 'نصب و الاحتيال ', 95, 594, 689, '2025-12-20 22:15:47', '2025-12-20'),
(39, 100061, 'carrefour', 'c2', 'Fromage Gouda 400g', 5, '', 73, 146, 219, '2025-12-20 23:28:58', '2025-12-20'),
(40, 100061, 'carrefour', 'c4', 'Biscuits au chocolat 300g', 5, '', 50, 219, 269, '2025-12-20 23:29:16', '2025-12-20'),
(41, 100063, 'jumia', 'j5', 'Chargeur rapide USB-C 65W', 5, '', 54, 0, 54, '2025-12-20 23:53:41', '2025-12-20'),
(42, 100063, 'jumia', 'j4', 'Sac à dos laptop 15.6\"', 5, '', 90, 54, 144, '2025-12-20 23:53:51', '2025-12-20'),
(43, 100063, 'marjane', 'm2', 'Lait entier UHT 1L', 5, '', 53, 144, 197, '2025-12-20 23:54:08', '2025-12-20'),
(44, 100063, 'marjane', 'm1', 'Huile d\'olive extra vierge 1L', 5, '', 91, 197, 288, '2025-12-20 23:54:15', '2025-12-20'),
(45, 100063, 'carrefour', 'c2', 'Fromage Gouda 400g', 5, '', 53, 288, 341, '2025-12-20 23:54:28', '2025-12-20'),
(46, 100063, 'carrefour', 'c1', 'Poulet fermier entier', 5, '', 80, 341, 421, '2025-12-20 23:54:38', '2025-12-20'),
(47, 100063, 'electroplanet', 'e2', 'Climatiseur Split 12000 BTU', 5, '', 80, 421, 501, '2025-12-20 23:54:48', '2025-12-20'),
(48, 100063, 'electroplanet', 'e1', 'TV LED 55\" 4K Smart', 5, '', 56, 501, 557, '2025-12-20 23:54:56', '2025-12-20'),
(49, 100063, 'supeco', 's3', 'Papier toilette pack 12', 5, '', 90, 557, 647, '2025-12-20 23:55:06', '2025-12-20'),
(50, 100063, 'supeco', 's2', 'Savon liquide 1L', 5, '', 51, 647, 698, '2025-12-20 23:55:12', '2025-12-20'),
(51, 100061, 'marjane', 'm4', 'Café moulu 500g', 5, '', 64, 269, 333, '2025-12-21 00:08:56', '2025-12-20'),
(52, 100061, 'marjane', 'm6', 'Farine de blé 5kg', 5, '', 59, 333, 392, '2025-12-21 00:09:02', '2025-12-20'),
(53, 100061, 'carrefour', 'c1', 'Poulet fermier entier', 5, '', 96, 392, 488, '2025-12-21 00:09:19', '2025-12-20'),
(60, 100061, 'electroplanet', 'e3', 'Machine à laver 8kg', 3, '', 82, 488, 570, '2025-12-21 00:10:35', '2025-12-20'),
(61, 100061, 'jumia', 'j2', 'Écouteurs Bluetooth TWS', 5, '', 98, 570, 668, '2025-12-21 00:11:06', '2025-12-20'),
(62, 100061, 'jumia', 'j5', 'Chargeur rapide USB-C 65W', 4, '', 58, 668, 726, '2025-12-21 00:11:13', '2025-12-20'),
(63, 100061, 'supeco', 's5', 'Thon en conserve pack 4', 5, '', 54, 726, 780, '2025-12-21 00:11:27', '2025-12-20'),
(64, 100061, 'supeco', 's3', 'Papier toilette pack 12', 4, '', 83, 780, 863, '2025-12-21 00:11:33', '2025-12-20'),
(65, 100061, 'electroplanet', 'e1', 'TV LED 55\" 4K Smart', 4, '', 61, 863, 924, '2025-12-21 00:11:44', '2025-12-20'),
(66, 100061, 'electroplanet', 'e2', 'Climatiseur Split 12000 BTU', 4, '', 75, 924, 999, '2025-12-21 00:11:48', '2025-12-20'),
(67, 100061, 'marjane', 'm1', 'Huile d\'olive extra vierge 1L', 5, '', 62, 999, 1061, '2025-12-21 00:12:00', '2025-12-20'),
(71, 100061, 'supeco', 's1', 'Pack eau minérale 6x1.5L', 5, '', 56, 1061, 1117, '2025-12-21 00:47:26', '2025-12-20'),
(72, 100061, 'supeco', 's2', 'Savon liquide 1L', 5, '', 93, 1117, 1210, '2025-12-21 00:47:26', '2025-12-20'),
(76, 100061, 'carrefour', 'c3', 'Jus d\'orange 2L', 5, '', 95, 1210, 1305, '2025-12-21 00:47:40', '2025-12-20'),
(83, 100048, 'marjane', 'm1', 'Huile d\'olive extra vierge 1L', 5, '', 285, 32863, 33148, '2025-12-21 06:30:07', '2025-12-20'),
(86, 100048, 'marjane', 'm3', 'Riz basmati 5kg', 5, '', 262, 33148, 33410, '2025-12-21 06:30:31', '2025-12-20'),
(89, 100048, 'marjane', 'm6', 'Farine de blé 5kg', 5, '', 61, 33410, 33471, '2025-12-21 06:30:45', '2025-12-20'),
(92, 100048, 'carrefour', 'c4', 'Biscuits au chocolat 300g', 5, '', 95, 33471, 33566, '2025-12-21 06:31:03', '2025-12-20'),
(93, 100048, 'carrefour', 'c3', 'Jus d\'orange 2L', 5, '', 232, 33566, 33798, '2025-12-21 06:31:04', '2025-12-20'),
(94, 100048, 'carrefour', 'c6', 'Pain de mie 500g', 5, '', 175, 33798, 33973, '2025-12-21 06:31:06', '2025-12-20'),
(95, 100048, 'jumia', 'j2', 'Écouteurs Bluetooth TWS', 5, '', 173, 33973, 34146, '2025-12-21 06:31:13', '2025-12-20'),
(96, 100048, 'jumia', 'j5', 'Chargeur rapide USB-C 65W', 5, '', 186, 34146, 34332, '2025-12-21 06:31:13', '2025-12-20'),
(97, 100048, 'jumia', 'j1', 'Smartphone Samsung Galaxy A54', 5, '', 61, 34332, 34393, '2025-12-21 06:31:14', '2025-12-20'),
(98, 100048, 'electroplanet', 'e6', 'Aspirateur sans fil', 5, '', 81, 34393, 34474, '2025-12-21 06:31:22', '2025-12-20'),
(99, 100048, 'electroplanet', 'e3', 'Machine à laver 8kg', 5, '', 148, 34474, 34622, '2025-12-21 06:31:22', '2025-12-20'),
(100, 100048, 'electroplanet', 'e2', 'Climatiseur Split 12000 BTU', 5, '', 284, 34622, 34906, '2025-12-21 06:31:23', '2025-12-20'),
(101, 100048, 'supeco', 's5', 'Thon en conserve pack 4', 5, '', 142, 34906, 35048, '2025-12-21 06:31:29', '2025-12-20'),
(102, 100048, 'supeco', 's4', 'Détergent lessive 3kg', 5, '', 231, 35048, 35279, '2025-12-21 06:31:29', '2025-12-20'),
(103, 100048, 'supeco', 's1', 'Pack eau minérale 6x1.5L', 5, '', 127, 35279, 35406, '2025-12-21 06:31:30', '2025-12-20'),
(105, 100048, 'carrefour', 'c5', 'Yaourt nature pack 12', 5, '', 125, 35406, 35531, '2025-12-21 06:31:43', '2025-12-20'),
(106, 100048, 'marjane', 'm5', 'Sucre blanc 2kg', 5, '', 135, 35531, 35666, '2025-12-21 11:43:10', '2025-12-21'),
(107, 100048, 'marjane', 'm6', 'Farine de blé 5kg', 5, '', 212, 35666, 35878, '2025-12-21 11:43:11', '2025-12-21'),
(108, 100048, 'marjane', 'm1', 'Huile d\'olive extra vierge 1L', 5, '', 125, 35878, 36003, '2025-12-21 11:43:12', '2025-12-21'),
(109, 100048, 'marjane', 'm2', 'Lait entier UHT 1L', 5, '', 185, 36003, 36188, '2025-12-21 11:43:42', '2025-12-21'),
(110, 100048, 'carrefour', 'c5', 'Yaourt nature pack 12', 5, '', 143, 36188, 36331, '2025-12-21 11:43:57', '2025-12-21'),
(111, 100048, 'carrefour', 'c1', 'Poulet fermier entier', 5, '', 266, 36331, 36597, '2025-12-21 11:43:58', '2025-12-21'),
(112, 100048, 'carrefour', 'c2', 'Fromage Gouda 400g', 5, '', 162, 36597, 36759, '2025-12-21 11:43:59', '2025-12-21'),
(113, 100048, 'jumia', 'j2', 'Écouteurs Bluetooth TWS', 5, '', 127, 36759, 36886, '2025-12-21 11:44:04', '2025-12-21'),
(114, 100048, 'jumia', 'j5', 'Chargeur rapide USB-C 65W', 5, '', 288, 36886, 37174, '2025-12-21 11:44:05', '2025-12-21'),
(115, 100048, 'jumia', 'j4', 'Sac à dos laptop 15.6\"', 5, '', 52, 37174, 37226, '2025-12-21 11:44:07', '2025-12-21'),
(116, 100048, 'electroplanet', 'e4', 'Réfrigérateur No Frost 400L', 5, '', 168, 37226, 37394, '2025-12-21 11:44:13', '2025-12-21'),
(117, 100048, 'electroplanet', 'e2', 'Climatiseur Split 12000 BTU', 5, '', 56, 37394, 37450, '2025-12-21 11:44:15', '2025-12-21'),
(118, 100048, 'electroplanet', 'e6', 'Aspirateur sans fil', 5, '', 104, 37450, 37554, '2025-12-21 11:44:16', '2025-12-21'),
(119, 100064, 'marjane', 'm4', 'Café moulu 500g', 5, 'Merci', 88, 0, 88, '2025-12-21 12:56:08', '2025-12-21'),
(120, 100064, 'marjane', 'm3', 'Riz basmati 5kg', 5, 'Jxjcxj', 73, 88, 161, '2025-12-21 12:56:24', '2025-12-21'),
(121, 100064, 'marjane', 'm6', 'Farine de blé 5kg', 5, 'J hwjx', 56, 161, 217, '2025-12-21 12:56:31', '2025-12-21'),
(122, 100064, 'carrefour', 'c2', 'Fromage Gouda 400g', 5, 'Jchjc', 54, 217, 271, '2025-12-21 12:56:42', '2025-12-21'),
(123, 100064, 'carrefour', 'c3', 'Jus d\'orange 2L', 5, 'Yxxjjx', 75, 271, 346, '2025-12-21 12:56:45', '2025-12-21'),
(124, 100064, 'jumia', 'j4', 'Sac à dos laptop 15.6\"', 5, 'Jfjfxj', 62, 346, 408, '2025-12-21 12:56:51', '2025-12-21'),
(125, 100064, 'jumia', 'j2', 'Écouteurs Bluetooth TWS', 5, 'Jcxjjx', 51, 408, 459, '2025-12-21 12:56:54', '2025-12-21'),
(126, 100064, 'electroplanet', 'e5', 'Micro-ondes 25L', 5, 'Jgbx', 92, 605, 697, '2025-12-21 12:58:03', '2025-12-21'),
(127, 100062, 'carrefour', 'c1', 'Poulet fermier entier', 5, '', 75, 0, 75, '2025-12-21 14:07:28', '2025-12-21'),
(128, 100062, 'carrefour', 'c4', 'Biscuits au chocolat 300g', 5, '', 56, 75, 131, '2025-12-21 14:07:38', '2025-12-21'),
(129, 100065, 'jumia', 'j1', 'Smartphone Samsung Galaxy A54', 1, '', 96, 0, 96, '2025-12-21 15:09:17', '2025-12-21'),
(130, 100065, 'jumia', 'j4', 'Sac à dos laptop 15.6\"', 1, '', 83, 96, 179, '2025-12-21 15:09:20', '2025-12-21'),
(131, 100065, 'carrefour', 'c6', 'Pain de mie 500g', 1, '', 77, 179, 256, '2025-12-21 15:09:29', '2025-12-21'),
(132, 100065, 'carrefour', 'c2', 'Fromage Gouda 400g', 1, '', 99, 256, 355, '2025-12-21 15:09:30', '2025-12-21'),
(133, 100065, 'marjane', 'm3', 'Riz basmati 5kg', 5, '', 70, 355, 425, '2025-12-21 15:09:38', '2025-12-21'),
(134, 100065, 'marjane', 'm2', 'Lait entier UHT 1L', 5, '', 63, 425, 488, '2025-12-21 15:09:38', '2025-12-21'),
(135, 100034, 'supeco', 's1', 'Pack eau minérale 6x1.5L', 5, '', 291, 207730, 208021, '2025-12-21 15:41:58', '2025-12-21'),
(136, 100034, 'supeco', 's3', 'Papier toilette pack 12', 5, '', 129, 208021, 208150, '2025-12-21 15:41:59', '2025-12-21'),
(137, 100034, 'supeco', 's5', 'Thon en conserve pack 4', 5, '', 93, 208150, 208243, '2025-12-21 15:42:00', '2025-12-21'),
(138, 100034, 'marjane', 'm2', 'Lait entier UHT 1L', 5, '', 100, 208243, 208343, '2025-12-21 15:42:10', '2025-12-21'),
(139, 100034, 'marjane', 'm6', 'Farine de blé 5kg', 5, '', 221, 208343, 208564, '2025-12-21 15:42:11', '2025-12-21'),
(140, 100034, 'marjane', 'm4', 'Café moulu 500g', 5, '', 208, 208564, 208772, '2025-12-21 15:42:12', '2025-12-21'),
(141, 100034, 'carrefour', 'c2', 'Fromage Gouda 400g', 5, '', 234, 208772, 209006, '2025-12-21 15:42:16', '2025-12-21'),
(142, 100034, 'carrefour', 'c5', 'Yaourt nature pack 12', 5, '', 286, 209006, 209292, '2025-12-21 15:42:17', '2025-12-21'),
(143, 100034, 'carrefour', 'c6', 'Pain de mie 500g', 5, '', 95, 209292, 209387, '2025-12-21 15:42:19', '2025-12-21'),
(144, 100034, 'carrefour', 'c3', 'Jus d\'orange 2L', 5, '', 248, 209387, 209635, '2025-12-21 15:42:23', '2025-12-21'),
(145, 100067, 'marjane', 'm1', 'Huile d\'olive extra vierge 1L', 5, 'Merci', 57, 50000, 50057, '2025-12-21 16:37:22', '2025-12-21'),
(146, 100045, 'carrefour', 'c2', 'Fromage Gouda 400g', 5, 'Dfcjj', 189, 2100, 2289, '2025-12-21 19:18:28', '2025-12-21'),
(147, 100045, 'marjane', 'm2', 'Lait entier UHT 1L', 4, 'Hdhheijj', 136, 2289, 2425, '2025-12-21 19:20:15', '2025-12-21'),
(148, 100045, 'marjane', 'm4', 'Café moulu 500g', 2, 'Hxhdh', 248, 2425, 2673, '2025-12-21 19:20:19', '2025-12-21'),
(149, 100045, 'marjane', 'm1', 'Huile d\'olive extra vierge 1L', 3, 'Hdudh', 111, 2673, 2784, '2025-12-21 19:20:28', '2025-12-21'),
(150, 100045, 'carrefour', 'c3', 'Jus d\'orange 2L', 5, 'Bxjdh', 227, 2784, 3011, '2025-12-21 19:20:39', '2025-12-21'),
(151, 100045, 'carrefour', 'c6', 'Pain de mie 500g', 5, '', 179, 3011, 3190, '2025-12-21 19:20:59', '2025-12-21'),
(152, 100068, 'marjane', 'm3', 'Riz basmati 5kg', 5, '', 72, 0, 72, '2025-12-21 19:23:35', '2025-12-21'),
(153, 100068, 'marjane', 'm1', 'Huile d\'olive extra vierge 1L', 5, '', 55, 72, 127, '2025-12-21 19:23:36', '2025-12-21'),
(154, 100068, 'carrefour', 'c2', 'Fromage Gouda 400g', 5, '', 58, 127, 185, '2025-12-21 19:23:46', '2025-12-21'),
(155, 100068, 'carrefour', 'c3', 'Jus d\'orange 2L', 5, '', 80, 185, 265, '2025-12-21 19:23:46', '2025-12-21'),
(156, 100068, 'jumia', 'j6', 'Coque iPhone 14 Pro', 5, '', 52, 265, 317, '2025-12-21 19:23:53', '2025-12-21'),
(157, 100068, 'jumia', 'j4', 'Sac à dos laptop 15.6\"', 5, '', 64, 317, 381, '2025-12-21 19:23:54', '2025-12-21'),
(158, 100068, 'electroplanet', 'e5', 'Micro-ondes 25L', 5, 'Hxchgz', 89, 381, 470, '2025-12-21 19:24:02', '2025-12-21'),
(159, 100068, 'electroplanet', 'e2', 'Climatiseur Split 12000 BTU', 5, '', 69, 470, 539, '2025-12-21 19:24:03', '2025-12-21'),
(160, 100068, 'supeco', 's2', 'Savon liquide 1L', 5, '', 69, 539, 608, '2025-12-21 19:24:09', '2025-12-21'),
(161, 100068, 'supeco', 's5', 'Thon en conserve pack 4', 5, '', 52, 608, 660, '2025-12-21 19:24:10', '2025-12-21'),
(162, 100047, 'marjane', 'm4', 'Café moulu 500g', 5, '', 211, 74170, 74381, '2025-12-21 21:16:52', '2025-12-21'),
(163, 100034, 'marjane', 'm3', 'Riz basmati 5kg', 5, '', 201, 210504, 210705, '2025-12-21 23:35:46', '2025-12-21'),
(164, 100034, 'marjane', 'm5', 'Sucre blanc 2kg', 5, '', 93, 210705, 210798, '2025-12-21 23:35:47', '2025-12-21'),
(166, 100034, 'carrefour', 'c1', 'Poulet fermier entier', 5, '', 75, 210798, 210873, '2025-12-21 23:35:59', '2025-12-21'),
(169, 100034, 'jumia', 'j4', 'Sac à dos laptop 15.6\"', 5, '', 127, 210873, 211000, '2025-12-21 23:36:10', '2025-12-21'),
(170, 100034, 'jumia', 'j1', 'Smartphone Samsung Galaxy A54', 5, '', 275, 211000, 211275, '2025-12-21 23:36:12', '2025-12-21'),
(171, 100034, 'jumia', 'j2', 'Écouteurs Bluetooth TWS', 4, '', 207, 211275, 211482, '2025-12-21 23:36:16', '2025-12-21'),
(172, 100034, 'electroplanet', 'e4', 'Réfrigérateur No Frost 400L', 5, '', 287, 211482, 211769, '2025-12-21 23:36:20', '2025-12-21'),
(173, 100043, 'marjane', 'm2', 'Lait entier UHT 1L', 5, '', 78, 132900, 132978, '2025-12-22 08:58:36', '2025-12-22'),
(174, 100043, 'marjane', 'm5', 'Sucre blanc 2kg', 5, '', 246, 132978, 133224, '2025-12-22 08:58:39', '2025-12-22'),
(175, 100043, 'marjane', 'm4', 'Café moulu 500g', 5, '', 290, 133224, 133514, '2025-12-22 08:58:42', '2025-12-22'),
(176, 100069, 'marjane', 'm5', 'Sucre blanc 2kg', 5, 'Hello', 50, 700, 750, '2025-12-22 11:12:29', '2025-12-22'),
(177, 100070, 'marjane', 'm2', 'Lait entier UHT 1L', 5, '', 58, 517, 575, '2025-12-22 11:18:25', '2025-12-22'),
(178, 100070, 'marjane', 'm6', 'Farine de blé 5kg', 5, '', 60, 575, 635, '2025-12-22 11:18:30', '2025-12-22'),
(179, 100070, 'supeco', 's5', 'Thon en conserve pack 4', 4, '', 60, 635, 695, '2025-12-22 11:58:19', '2025-12-22'),
(180, 100047, 'marjane', 'm3', 'Riz basmati 5kg', 5, '', 151, 74381, 74532, '2025-12-22 15:43:51', '2025-12-22'),
(181, 100047, 'marjane', 'm2', 'Lait entier UHT 1L', 5, '', 131, 74532, 74663, '2025-12-22 15:43:59', '2025-12-22'),
(182, 100047, 'marjane', 'm5', 'Sucre blanc 2kg', 5, '', 100, 74663, 74763, '2025-12-22 15:44:08', '2025-12-22'),
(183, 100047, 'carrefour', 'c2', 'Fromage Gouda 400g', 5, '', 76, 74763, 74839, '2025-12-22 15:44:29', '2025-12-22'),
(184, 100047, 'carrefour', 'c4', 'Biscuits au chocolat 300g', 5, '', 165, 74839, 75004, '2025-12-22 15:44:33', '2025-12-22'),
(185, 100047, 'carrefour', 'c1', 'Poulet fermier entier', 5, '', 236, 75004, 75240, '2025-12-22 15:44:39', '2025-12-22'),
(186, 100047, 'jumia', 'j2', 'Écouteurs Bluetooth TWS', 5, '', 150, 75240, 75390, '2025-12-22 15:44:56', '2025-12-22'),
(187, 100047, 'jumia', 'j1', 'Smartphone Samsung Galaxy A54', 5, '', 60, 75390, 75450, '2025-12-22 15:45:00', '2025-12-22'),
(188, 100047, 'jumia', 'j5', 'Chargeur rapide USB-C 65W', 5, '', 62, 75450, 75512, '2025-12-22 15:45:06', '2025-12-22'),
(189, 100047, 'electroplanet', 'e1', 'TV LED 55\" 4K Smart', 5, '', 142, 75512, 75654, '2025-12-22 15:45:18', '2025-12-22'),
(190, 100047, 'electroplanet', 'e4', 'Réfrigérateur No Frost 400L', 5, '', 140, 75654, 75794, '2025-12-22 15:45:23', '2025-12-22'),
(191, 100047, 'electroplanet', 'e6', 'Aspirateur sans fil', 5, '', 294, 75794, 76088, '2025-12-22 15:45:28', '2025-12-22'),
(192, 100059, 'marjane', 'm3', 'Riz basmati 5kg', 5, '', 56, 1430, 1486, '2025-12-22 15:46:50', '2025-12-22'),
(193, 100059, 'marjane', 'm2', 'Lait entier UHT 1L', 5, '', 57, 1486, 1543, '2025-12-22 15:46:57', '2025-12-22'),
(194, 100059, 'carrefour', 'c6', 'Pain de mie 500g', 5, '', 54, 1543, 1597, '2025-12-22 15:47:11', '2025-12-22'),
(195, 100059, 'carrefour', 'c1', 'Poulet fermier entier', 5, '', 93, 1597, 1690, '2025-12-22 15:47:18', '2025-12-22'),
(196, 100059, 'jumia', 'j4', 'Sac à dos laptop 15.6\"', 5, '', 91, 1690, 1781, '2025-12-22 15:47:29', '2025-12-22'),
(197, 100059, 'jumia', 'j5', 'Chargeur rapide USB-C 65W', 5, '', 55, 1781, 1836, '2025-12-22 15:47:34', '2025-12-22'),
(198, 100059, 'electroplanet', 'e5', 'Micro-ondes 25L', 5, '', 89, 1836, 1925, '2025-12-22 15:47:44', '2025-12-22'),
(199, 100059, 'electroplanet', 'e2', 'Climatiseur Split 12000 BTU', 5, '', 81, 1925, 2006, '2025-12-22 15:47:51', '2025-12-22'),
(200, 100059, 'supeco', 's3', 'Papier toilette pack 12', 5, '', 96, 2006, 2102, '2025-12-22 15:48:02', '2025-12-22'),
(201, 100075, 'marjane', 'm3', 'Riz basmati 5kg', 4, '', 80, 0, 80, '2025-12-22 21:09:45', '2025-12-22'),
(202, 100075, 'marjane', 'm1', 'Huile d\'olive extra vierge 1L', 2, '', 72, 80, 152, '2025-12-22 21:09:50', '2025-12-22'),
(203, 100075, 'supeco', 's4', 'Détergent lessive 3kg', 2, '', 71, 1445, 1516, '2025-12-22 23:08:40', '2025-12-22'),
(204, 100075, 'supeco', 's2', 'Savon liquide 1L', 2, '', 76, 1516, 1592, '2025-12-22 23:08:45', '2025-12-22'),
(205, 100075, 'jumia', 'j4', 'Sac à dos laptop 15.6\"', 1, '', 72, 1592, 1664, '2025-12-22 23:08:58', '2025-12-22'),
(206, 100075, 'jumia', 'j3', 'Montre connectée Xiaomi', 1, '', 90, 1664, 1754, '2025-12-22 23:09:02', '2025-12-22'),
(209, 100075, 'electroplanet', 'e2', 'Climatiseur Split 12000 BTU', 3, '', 51, 2288, 2339, '2025-12-23 10:34:23', '2025-12-23'),
(210, 100075, 'electroplanet', 'e6', 'Aspirateur sans fil', 3, '', 91, 2339, 2430, '2025-12-23 10:34:26', '2025-12-23'),
(211, 100034, 'marjane', 'm1', 'Huile d\'olive extra vierge 1L', 5, '', 133, 202103, 202236, '2025-12-23 15:49:31', '2025-12-23'),
(212, 100034, 'marjane', 'm4', 'Café moulu 500g', 5, '', 105, 202236, 202341, '2025-12-23 15:49:32', '2025-12-23'),
(213, 100034, 'marjane', 'm5', 'Sucre blanc 2kg', 5, '', 262, 202341, 202603, '2025-12-23 15:49:34', '2025-12-23'),
(214, 100034, 'carrefour', 'c4', 'Biscuits au chocolat 300g', 5, '', 64, 202603, 202667, '2025-12-23 15:49:40', '2025-12-23'),
(215, 100034, 'carrefour', 'c2', 'Fromage Gouda 400g', 5, '', 139, 202667, 202806, '2025-12-23 15:49:41', '2025-12-23'),
(216, 100034, 'carrefour', 'c6', 'Pain de mie 500g', 5, '', 207, 202806, 203013, '2025-12-23 15:49:42', '2025-12-23'),
(217, 100034, 'jumia', 'j4', 'Sac à dos laptop 15.6\"', 5, '', 260, 203013, 203273, '2025-12-23 15:49:51', '2025-12-23'),
(218, 100034, 'jumia', 'j5', 'Chargeur rapide USB-C 65W', 5, '', 297, 203273, 203570, '2025-12-23 15:49:52', '2025-12-23'),
(219, 100034, 'jumia', 'j6', 'Coque iPhone 14 Pro', 5, '', 135, 203570, 203705, '2025-12-23 15:49:53', '2025-12-23'),
(220, 100034, 'electroplanet', 'e6', 'Aspirateur sans fil', 5, '', 118, 203705, 203823, '2025-12-23 15:49:59', '2025-12-23'),
(221, 100047, 'marjane', 'm6', 'Farine de blé 5kg', 5, '', 142, 77714, 77856, '2025-12-23 22:31:48', '2025-12-23'),
(222, 100047, 'marjane', 'm4', 'Café moulu 500g', 5, '', 70, 77856, 77926, '2025-12-23 22:31:54', '2025-12-23'),
(223, 100047, 'marjane', 'm2', 'Lait entier UHT 1L', 5, '', 176, 77926, 78102, '2025-12-23 22:31:57', '2025-12-23'),
(224, 100047, 'carrefour', 'c6', 'Pain de mie 500g', 5, '', 105, 78102, 78207, '2025-12-23 22:32:09', '2025-12-23'),
(225, 100047, 'carrefour', 'c2', 'Fromage Gouda 400g', 5, '', 114, 78207, 78321, '2025-12-23 22:32:12', '2025-12-23'),
(226, 100047, 'carrefour', 'c3', 'Jus d\'orange 2L', 5, '', 156, 78321, 78477, '2025-12-23 22:32:16', '2025-12-23'),
(227, 100047, 'jumia', 'j2', 'Écouteurs Bluetooth TWS', 5, '', 289, 78477, 78766, '2025-12-23 22:32:27', '2025-12-23'),
(228, 100047, 'jumia', 'j4', 'Sac à dos laptop 15.6\"', 5, '', 155, 78766, 78921, '2025-12-23 22:32:30', '2025-12-23'),
(229, 100047, 'jumia', 'j5', 'Chargeur rapide USB-C 65W', 5, '', 255, 78921, 79176, '2025-12-23 22:32:35', '2025-12-23'),
(230, 100047, 'electroplanet', 'e2', 'Climatiseur Split 12000 BTU', 5, '', 289, 79176, 79465, '2025-12-23 22:32:44', '2025-12-23'),
(231, 100075, 'jumia', 'j4', 'Sac à dos laptop 15.6\"', 1, '', 80, 3932, 4012, '2025-12-24 03:01:43', '2025-12-23'),
(232, 100075, 'jumia', 'j2', 'Écouteurs Bluetooth TWS', 2, '', 71, 4012, 4083, '2025-12-24 03:01:47', '2025-12-23'),
(233, 100075, 'marjane', 'm4', 'Café moulu 500g', 3, '', 62, 4083, 4145, '2025-12-24 03:01:59', '2025-12-23'),
(234, 100075, 'marjane', 'm3', 'Riz basmati 5kg', 2, '', 75, 4145, 4220, '2025-12-24 03:02:03', '2025-12-23'),
(235, 100075, 'carrefour', 'c5', 'Yaourt nature pack 12', 3, '', 54, 4220, 4274, '2025-12-24 03:02:15', '2025-12-23'),
(236, 100075, 'carrefour', 'c1', 'Poulet fermier entier', 2, '', 77, 4274, 4351, '2025-12-24 03:02:17', '2025-12-23'),
(237, 100075, 'electroplanet', 'e4', 'Réfrigérateur No Frost 400L', 3, '', 62, 4351, 4413, '2025-12-24 03:02:24', '2025-12-23'),
(239, 100034, 'marjane', 'm4', 'Café moulu 500g', 5, '', 253, 203823, 204076, '2025-12-24 08:33:10', '2025-12-24'),
(240, 100075, 'carrefour', 'c6', 'Pain de mie 500g', 2, '', 53, 4976, 5029, '2025-12-24 16:03:19', '2025-12-24'),
(241, 100075, 'carrefour', 'c2', 'Fromage Gouda 400g', 2, '', 66, 5029, 5095, '2025-12-24 16:03:22', '2025-12-24'),
(242, 100034, 'carrefour', 'c3', 'Jus d\'orange 2L', 5, '', 137, 204076, 204213, '2025-12-24 17:48:54', '2025-12-24'),
(243, 100034, 'carrefour', 'c4', 'Biscuits au chocolat 300g', 4, '', 175, 204213, 204388, '2025-12-24 17:48:58', '2025-12-24'),
(244, 100034, 'carrefour', 'c6', 'Pain de mie 500g', 5, '', 85, 204388, 204473, '2025-12-24 17:49:03', '2025-12-24'),
(245, 100078, 'carrefour', 'c5', 'Yaourt nature pack 12', 1, '', 89, 563, 652, '2025-12-24 18:05:07', '2025-12-24'),
(246, 100047, 'supeco', 's2', 'Savon liquide 1L', 5, '', 176, 79465, 79641, '2025-12-25 12:18:35', '2025-12-25'),
(247, 100047, 'supeco', 's3', 'Papier toilette pack 12', 5, '', 114, 79641, 79755, '2025-12-25 12:18:38', '2025-12-25'),
(248, 100047, 'supeco', 's4', 'Détergent lessive 3kg', 5, '', 120, 79755, 79875, '2025-12-25 12:18:43', '2025-12-25'),
(249, 100047, 'electroplanet', 'e2', 'Climatiseur Split 12000 BTU', 5, '', 172, 79875, 80047, '2025-12-25 12:18:54', '2025-12-25'),
(250, 100047, 'electroplanet', 'e1', 'TV LED 55\" 4K Smart', 5, '', 260, 80047, 80307, '2025-12-25 12:18:57', '2025-12-25'),
(251, 100047, 'electroplanet', 'e6', 'Aspirateur sans fil', 5, '', 163, 80307, 80470, '2025-12-25 12:19:04', '2025-12-25'),
(252, 100047, 'jumia', 'j1', 'Smartphone Samsung Galaxy A54', 5, '', 111, 80470, 80581, '2025-12-25 12:19:15', '2025-12-25'),
(253, 100047, 'jumia', 'j3', 'Montre connectée Xiaomi', 5, '', 95, 80581, 80676, '2025-12-25 12:19:18', '2025-12-25'),
(254, 100047, 'jumia', 'j5', 'Chargeur rapide USB-C 65W', 5, '', 291, 80676, 80967, '2025-12-25 12:19:23', '2025-12-25'),
(255, 100075, 'electroplanet', 'e4', 'Réfrigérateur No Frost 400L', 2, '', 79, 5658, 5737, '2025-12-25 12:20:56', '2025-12-25'),
(256, 100045, 'marjane', 'm1', 'Huile d\'olive extra vierge 1L', 5, '', 104, 3190, 3294, '2025-12-25 19:57:28', '2025-12-25'),
(257, 100045, 'marjane', 'm4', 'Café moulu 500g', 5, '', 178, 3294, 3472, '2025-12-25 19:57:29', '2025-12-25'),
(258, 100045, 'marjane', 'm6', 'Farine de blé 5kg', 5, '', 170, 3472, 3642, '2025-12-25 19:57:31', '2025-12-25'),
(259, 100045, 'electroplanet', 'e4', 'Réfrigérateur No Frost 400L', 1, '', 288, 3642, 3930, '2025-12-25 20:06:25', '2025-12-25'),
(260, 100045, 'electroplanet', 'e1', 'TV LED 55\" 4K Smart', 2, '', 222, 3930, 4152, '2025-12-25 20:06:27', '2025-12-25'),
(261, 100047, 'supeco', 's3', 'Papier toilette pack 12', 5, '', 260, 80967, 81227, '2025-12-27 18:36:34', '2025-12-27'),
(262, 100047, 'supeco', 's1', 'Pack eau minérale 6x1.5L', 5, '', 54, 81227, 81281, '2025-12-27 18:36:38', '2025-12-27'),
(263, 100047, 'supeco', 's5', 'Thon en conserve pack 4', 5, '', 209, 81281, 81490, '2025-12-27 18:36:43', '2025-12-27'),
(264, 100047, 'jumia', 'j5', 'Chargeur rapide USB-C 65W', 5, '', 198, 81490, 81688, '2025-12-27 18:36:55', '2025-12-27'),
(265, 100047, 'jumia', 'j6', 'Coque iPhone 14 Pro', 5, '', 83, 81688, 81771, '2025-12-27 18:36:58', '2025-12-27'),
(266, 100047, 'jumia', 'j4', 'Sac à dos laptop 15.6\"', 5, '', 177, 81771, 81948, '2025-12-27 18:37:03', '2025-12-27'),
(267, 100047, 'marjane', 'm1', 'Huile d\'olive extra vierge 1L', 5, '', 50, 81948, 81998, '2025-12-27 18:37:11', '2025-12-27'),
(268, 100047, 'marjane', 'm6', 'Farine de blé 5kg', 5, '', 108, 81998, 82106, '2025-12-27 18:37:14', '2025-12-27'),
(269, 100047, 'marjane', 'm2', 'Lait entier UHT 1L', 5, '', 297, 82106, 82403, '2025-12-27 18:37:18', '2025-12-27'),
(270, 100047, 'carrefour', 'c1', 'Poulet fermier entier', 5, '', 200, 82403, 82603, '2025-12-27 18:37:28', '2025-12-27'),
(272, 100047, 'carrefour', 'c2', 'Fromage Gouda 400g', 5, '', 271, 82603, 82874, '2025-12-28 06:17:02', '2025-12-27'),
(273, 100047, 'carrefour', 'c3', 'Jus d\'orange 2L', 5, '', 95, 82874, 82969, '2025-12-28 06:17:08', '2025-12-27'),
(274, 100047, 'electroplanet', 'e3', 'Machine à laver 8kg', 5, '', 154, 82969, 83123, '2025-12-28 06:17:19', '2025-12-27'),
(275, 100047, 'electroplanet', 'e5', 'Micro-ondes 25L', 5, '', 250, 83123, 83373, '2025-12-28 06:17:23', '2025-12-27'),
(276, 100047, 'electroplanet', 'e6', 'Aspirateur sans fil', 5, '', 260, 83373, 83633, '2025-12-28 06:17:28', '2025-12-27'),
(279, 100047, 'supeco', 's2', 'Savon liquide 1L', 5, '', 199, 83633, 83832, '2025-12-28 06:17:56', '2025-12-27'),
(281, 100080, 'carrefour', 'c5', 'Yaourt nature pack 12', 1, '', 173, 28880, 29053, '2025-12-28 13:15:38', '2025-12-28'),
(282, 100080, 'carrefour', 'c2', 'Fromage Gouda 400g', 1, '', 122, 29053, 29175, '2025-12-28 13:15:40', '2025-12-28'),
(283, 100080, 'carrefour', 'c6', 'Pain de mie 500g', 1, '', 280, 29175, 29455, '2025-12-28 13:15:42', '2025-12-28'),
(284, 100080, 'marjane', 'm4', 'Café moulu 500g', 1, '', 145, 29455, 29600, '2025-12-28 13:15:48', '2025-12-28'),
(285, 100080, 'marjane', 'm5', 'Sucre blanc 2kg', 1, '', 255, 29600, 29855, '2025-12-28 13:15:49', '2025-12-28'),
(286, 100080, 'marjane', 'm2', 'Lait entier UHT 1L', 1, '', 243, 29855, 30098, '2025-12-28 13:15:51', '2025-12-28'),
(287, 100080, 'jumia', 'j6', 'Coque iPhone 14 Pro', 1, '', 57, 30098, 30155, '2025-12-28 13:15:56', '2025-12-28'),
(288, 100080, 'jumia', 'j4', 'Sac à dos laptop 15.6\"', 1, '', 283, 30155, 30438, '2025-12-28 13:15:57', '2025-12-28'),
(289, 100080, 'jumia', 'j1', 'Smartphone Samsung Galaxy A54', 1, '', 258, 30438, 30696, '2025-12-28 13:15:58', '2025-12-28'),
(290, 100080, 'electroplanet', 'e5', 'Micro-ondes 25L', 1, '', 279, 30696, 30975, '2025-12-28 13:16:03', '2025-12-28'),
(291, 100081, 'marjane', 'm3', 'Riz basmati 5kg', 5, '', 67, 0, 67, '2025-12-28 13:16:37', '2025-12-28'),
(292, 100081, 'marjane', 'm6', 'Farine de blé 5kg', 4, '', 75, 67, 142, '2025-12-28 13:16:40', '2025-12-28'),
(293, 100081, 'carrefour', 'c1', 'Poulet fermier entier', 3, '', 76, 142, 218, '2025-12-28 13:16:45', '2025-12-28'),
(294, 100081, 'carrefour', 'c4', 'Biscuits au chocolat 300g', 4, '', 92, 218, 310, '2025-12-28 13:16:47', '2025-12-28'),
(295, 100081, 'jumia', 'j3', 'Montre connectée Xiaomi', 5, '', 54, 310, 364, '2025-12-28 13:16:57', '2025-12-28'),
(296, 100081, 'jumia', 'j6', 'Coque iPhone 14 Pro', 5, '', 92, 364, 456, '2025-12-28 13:16:58', '2025-12-28'),
(297, 100081, 'electroplanet', 'e5', 'Micro-ondes 25L', 5, '', 62, 456, 518, '2025-12-28 13:17:04', '2025-12-28'),
(298, 100081, 'electroplanet', 'e2', 'Climatiseur Split 12000 BTU', 5, '', 57, 518, 575, '2025-12-28 13:17:07', '2025-12-28'),
(299, 100081, 'supeco', 's5', 'Thon en conserve pack 4', 5, '', 64, 575, 639, '2025-12-28 13:17:12', '2025-12-28'),
(300, 100081, 'supeco', 's3', 'Papier toilette pack 12', 5, '', 52, 639, 691, '2025-12-28 15:31:42', '2025-12-28');

-- --------------------------------------------------------

--
-- Structure de la table `referrals`
--

CREATE TABLE `referrals` (
  `id` int NOT NULL,
  `inviter_user_id` int NOT NULL,
  `invited_user_id` int NOT NULL,
  `created_at` timestamp NOT NULL DEFAULT CURRENT_TIMESTAMP
) ENGINE=InnoDB DEFAULT CHARSET=utf8mb4 COLLATE=utf8mb4_general_ci;

--
-- Déchargement des données de la table `referrals`
--

INSERT INTO `referrals` (`id`, `inviter_user_id`, `invited_user_id`, `created_at`) VALUES
(7, 100016, 100017, '2025-12-12 18:44:35'),
(8, 100075, 100076, '2025-12-22 21:30:35'),
(9, 100034, 100078, '2025-12-24 18:02:10');

-- --------------------------------------------------------

--
-- Structure de la table `referral_bonuses`
--

CREATE TABLE `referral_bonuses` (
  `id` int NOT NULL,
  `deposit_id` int NOT NULL,
  `inviter_user_id` int NOT NULL,
  `invited_user_id` int NOT NULL,
  `bonus_cents` int NOT NULL,
  `created_at` timestamp NOT NULL DEFAULT CURRENT_TIMESTAMP
) ENGINE=InnoDB DEFAULT CHARSET=utf8mb4 COLLATE=utf8mb4_general_ci;

--
-- Déchargement des données de la table `referral_bonuses`
--

INSERT INTO `referral_bonuses` (`id`, `deposit_id`, `inviter_user_id`, `invited_user_id`, `bonus_cents`, `created_at`) VALUES
(12, 79, 100016, 100017, 2000, '2025-12-12 18:55:09'),
(13, 81, 100016, 100017, 1000, '2025-12-13 16:50:55'),
(14, 80, 100016, 100017, 1000, '2025-12-13 16:50:56'),
(15, 107, 100034, 100078, 10000, '2025-12-24 18:15:15'),
(16, 108, 100034, 100078, 30000, '2025-12-24 18:18:33');

-- --------------------------------------------------------

--
-- Structure de la table `role_change_logs`
--

CREATE TABLE `role_change_logs` (
  `id` int NOT NULL,
  `target_user_id` int NOT NULL,
  `changed_by_user_id` int NOT NULL,
  `old_role` varchar(50) COLLATE utf8mb4_general_ci DEFAULT NULL,
  `new_role` varchar(50) COLLATE utf8mb4_general_ci DEFAULT NULL,
  `reason` varchar(255) COLLATE utf8mb4_general_ci DEFAULT NULL,
  `created_at` timestamp NOT NULL DEFAULT CURRENT_TIMESTAMP
) ENGINE=InnoDB DEFAULT CHARSET=utf8mb4 COLLATE=utf8mb4_general_ci;

--
-- Déchargement des données de la table `role_change_logs`
--

INSERT INTO `role_change_logs` (`id`, `target_user_id`, `changed_by_user_id`, `old_role`, `new_role`, `reason`, `created_at`) VALUES
(1, 100013, 100004, 'user', 'admin', NULL, '2025-12-11 22:28:31'),
(2, 100013, 100004, 'admin', 'admin', NULL, '2025-12-11 22:28:35'),
(3, 100013, 100004, 'admin', 'user', NULL, '2025-12-11 22:28:45'),
(4, 100013, 100004, 'user', 'admin', NULL, '2025-12-12 18:09:58'),
(5, 100013, 100004, 'admin', 'user', NULL, '2025-12-12 18:10:15'),
(6, 100016, 100004, 'user', 'admin', NULL, '2025-12-12 18:46:11'),
(7, 100017, 100004, 'user', 'admin', NULL, '2025-12-13 16:51:53'),
(8, 100035, 100004, 'user', 'admin', NULL, '2025-12-15 21:16:02'),
(9, 100035, 100004, 'admin', 'user', NULL, '2025-12-15 21:16:37'),
(10, 100067, 100004, 'user', 'admin', NULL, '2025-12-21 16:40:55'),
(11, 100067, 100004, 'admin', 'user', NULL, '2025-12-21 17:35:43');

-- --------------------------------------------------------

--
-- Structure de la table `spin_wheel_history`
--

CREATE TABLE `spin_wheel_history` (
  `id` int NOT NULL,
  `user_id` int NOT NULL,
  `spin_week_start` date NOT NULL,
  `result` varchar(50) COLLATE utf8mb4_unicode_ci NOT NULL,
  `reward_cents` int DEFAULT '0',
  `created_at` timestamp NULL DEFAULT CURRENT_TIMESTAMP
) ENGINE=InnoDB DEFAULT CHARSET=utf8mb4 COLLATE=utf8mb4_unicode_ci;

--
-- Déchargement des données de la table `spin_wheel_history`
--

INSERT INTO `spin_wheel_history` (`id`, `user_id`, `spin_week_start`, `result`, `reward_cents`, `created_at`) VALUES
(1, 100034, '2025-12-22', 'oops', 0, '2025-12-21 23:32:17'),
(2, 100041, '2025-12-22', 'oops', 0, '2025-12-22 08:09:27'),
(3, 100017, '2025-12-22', '7mad', 700, '2025-12-22 08:49:52'),
(4, 100016, '2025-12-22', 'oops', 0, '2025-12-22 08:50:50'),
(5, 100043, '2025-12-22', '7mad', 700, '2025-12-22 08:56:59'),
(6, 100069, '2025-12-22', '7mad', 700, '2025-12-22 11:10:31'),
(7, 100070, '2025-12-22', 'oops', 0, '2025-12-22 11:13:33'),
(8, 100047, '2025-12-22', 'oops', 0, '2025-12-22 15:43:03'),
(9, 100059, '2025-12-22', '7mad', 700, '2025-12-22 15:46:26'),
(10, 100071, '2025-12-22', 'oops', 0, '2025-12-22 16:09:30'),
(11, 100072, '2025-12-22', '7mad', 700, '2025-12-22 18:36:38'),
(12, 100073, '2025-12-22', '7mad', 700, '2025-12-22 18:37:26'),
(13, 100049, '2025-12-22', 'oops', 0, '2025-12-22 18:47:58'),
(14, 100074, '2025-12-22', '7mad', 700, '2025-12-22 21:07:19'),
(15, 100075, '2025-12-22', 'oops', 0, '2025-12-22 21:09:01'),
(16, 100076, '2025-12-22', '7mad', 700, '2025-12-22 21:30:38'),
(17, 100077, '2025-12-22', '7mad', 700, '2025-12-22 22:29:03');

-- --------------------------------------------------------

--
-- Structure de la table `tasks`
--

CREATE TABLE `tasks` (
  `id` int NOT NULL,
  `title` varchar(255) COLLATE utf8mb4_general_ci NOT NULL,
  `description` text COLLATE utf8mb4_general_ci,
  `reward_cents` int NOT NULL DEFAULT '0',
  `duration_seconds` int NOT NULL DEFAULT '15',
  `min_vip_level` varchar(20) COLLATE utf8mb4_general_ci DEFAULT 'FREE',
  `video_url` varchar(512) COLLATE utf8mb4_general_ci DEFAULT NULL,
  `is_active` tinyint(1) DEFAULT '1',
  `created_at` timestamp NOT NULL DEFAULT CURRENT_TIMESTAMP
) ENGINE=InnoDB DEFAULT CHARSET=utf8mb4 COLLATE=utf8mb4_general_ci;

--
-- Déchargement des données de la table `tasks`
--

INSERT INTO `tasks` (`id`, `title`, `description`, `reward_cents`, `duration_seconds`, `min_vip_level`, `video_url`, `is_active`, `created_at`) VALUES
(3, 'Video promo 1', 'Regarde la vidéo pendant au moins 5 secondes.', 148, 15, '0', 'https://www.youtube.com/watch?v=dQw4w9WgXcQ', 1, '2025-12-07 17:32:20'),
(4, 'Video promo 2', 'Regarde la vidéo pendant au moins 15 secondes.', 76, 15, '0', 'https://youtu.be/wd56-qDmeSY?si=8PorpOslUHZh3PVy', 1, '2025-12-07 17:32:20'),
(5, 'Video promo 3', 'Regarde la vidéo pendant au moins 15 secondes.', 186, 15, '0', 'https://youtu.be/wd56-qDmeSY?si=8PorpOslUHZh3PVy', 1, '2025-12-07 17:32:20'),
(6, 'Video promo 4', 'Regarde la vidéo pendant au moins 15 secondes.', 52, 15, '0', 'https://youtu.be/wd56-qDmeSY?si=8PorpOslUHZh3PVy', 1, '2025-12-07 17:32:20'),
(7, 'Video promo 5', 'Regarde la vidéo pendant au moins 15 secondes.', 103, 15, '0', 'https://youtu.be/wd56-qDmeSY?si=8PorpOslUHZh3PVy', 1, '2025-12-07 17:32:20'),
(8, 'Video promo 6', 'Regarde la vidéo pendant au moins 15 secondes.', 161, 15, '0', 'https://youtu.be/wd56-qDmeSY?si=8PorpOslUHZh3PVy', 1, '2025-12-07 17:32:20'),
(9, 'Regarder vidéo promo 1', 'Regarde la vidéo pendant au moins 15 secondes.', 146, 15, 'FREE', 'https://youtu.be/wd56-qDmeSY?si=8PorpOslUHZh3PVy', 1, '2025-12-08 20:14:16'),
(10, 'Regarder vidéo promo 2', 'Regarde la vidéo pendant au moins 15 secondes.', 196, 15, 'FREE', 'https://youtu.be/wd56-qDmeSY?si=8PorpOslUHZh3PVy', 1, '2025-12-08 20:14:16'),
(11, 'Tâche FREE 1', 'Tâche gratuite rapide (15s).', 192, 15, 'FREE', 'https://youtu.be/wd56-qDmeSY?si=8PorpOslUHZh3PVy', 1, '2025-12-09 01:10:54'),
(12, 'Tâche FREE 2', 'Tâche gratuite rapide (15s).', 175, 15, 'FREE', 'https://youtu.be/wd56-qDmeSY?si=8PorpOslUHZh3PVy', 1, '2025-12-09 01:10:54');

-- --------------------------------------------------------

--
-- Structure de la table `task_completions`
--

CREATE TABLE `task_completions` (
  `id` int NOT NULL,
  `user_id` int NOT NULL,
  `task_id` int NOT NULL,
  `reward_cents` int NOT NULL,
  `balance_before_cents` int NOT NULL DEFAULT '0',
  `balance_after_cents` int NOT NULL DEFAULT '0',
  `created_at` timestamp NOT NULL DEFAULT CURRENT_TIMESTAMP
) ENGINE=InnoDB DEFAULT CHARSET=utf8mb4 COLLATE=utf8mb4_general_ci;

--
-- Déchargement des données de la table `task_completions`
--

INSERT INTO `task_completions` (`id`, `user_id`, `task_id`, `reward_cents`, `balance_before_cents`, `balance_after_cents`, `created_at`) VALUES
(14, 100030, 5, 200, 6000, 6200, '2025-12-14 14:56:18'),
(15, 100030, 8, 200, 6200, 6400, '2025-12-14 14:57:25'),
(16, 100030, 9, 200, 6400, 6600, '2025-12-14 14:57:51'),
(17, 100031, 7, 200, 150000, 150200, '2025-12-14 20:53:47'),
(18, 100031, 3, 400, 50200, 50600, '2025-12-15 14:15:29'),
(19, 100031, 4, 200, 50600, 50800, '2025-12-15 14:17:50'),
(20, 100031, 6, 200, 50800, 51000, '2025-12-15 14:18:32'),
(21, 100031, 5, 200, 51000, 51200, '2025-12-15 14:19:00'),
(22, 100031, 7, 200, 51200, 51400, '2025-12-15 14:19:25'),
(23, 100031, 8, 200, 51400, 51600, '2025-12-15 14:19:46'),
(24, 100031, 9, 200, 51600, 51800, '2025-12-15 14:20:07'),
(25, 100031, 11, 100, 51800, 51900, '2025-12-15 14:20:28'),
(26, 100031, 12, 100, 51900, 52000, '2025-12-15 14:20:48'),
(27, 100031, 10, 500, 0, 500, '2025-12-15 18:21:05'),
(28, 100034, 4, 200, 0, 200, '2025-12-15 18:38:20'),
(29, 100035, 3, 400, 92000, 92400, '2025-12-15 21:02:42'),
(30, 100035, 12, 100, 42550, 42650, '2025-12-15 21:29:26'),
(31, 100035, 10, 500, 42650, 43150, '2025-12-15 21:30:16'),
(32, 100035, 8, 200, 43150, 43350, '2025-12-15 21:31:20'),
(33, 100035, 4, 200, 43350, 43550, '2025-12-15 21:31:45'),
(34, 100035, 5, 200, 43550, 43750, '2025-12-15 21:32:09'),
(35, 100035, 6, 200, 43750, 43950, '2025-12-15 21:32:36'),
(36, 100035, 11, 100, 43950, 44050, '2025-12-15 21:32:56'),
(37, 100036, 9, 200, 0, 200, '2025-12-17 16:00:55'),
(38, 100036, 10, 500, 200, 700, '2025-12-17 20:48:34'),
(39, 100036, 11, 100, 700, 800, '2025-12-17 20:49:02'),
(40, 100036, 12, 100, 800, 900, '2025-12-17 20:49:27'),
(41, 100043, 9, 200, 0, 200, '2025-12-18 12:23:49'),
(42, 100034, 11, 100, 11000, 11100, '2025-12-18 19:35:49'),
(43, 100045, 3, 400, 0, 400, '2025-12-18 19:41:13'),
(44, 100045, 10, 500, 400, 900, '2025-12-18 19:41:50'),
(45, 100045, 4, 200, 900, 1100, '2025-12-18 19:42:52'),
(46, 100045, 5, 200, 1100, 1300, '2025-12-18 19:43:14'),
(47, 100045, 6, 200, 1300, 1500, '2025-12-18 19:43:37'),
(48, 100047, 9, 200, 0, 200, '2025-12-19 16:22:21'),
(49, 100047, 10, 500, 200, 700, '2025-12-19 16:22:51'),
(50, 100047, 11, 100, 700, 800, '2025-12-19 16:23:16'),
(51, 100047, 12, 100, 800, 900, '2025-12-19 16:23:43'),
(52, 100036, 9, 200, 900, 1100, '2025-12-19 19:11:35'),
(53, 100036, 10, 500, 1100, 1600, '2025-12-19 19:13:04'),
(54, 100036, 11, 100, 1600, 1700, '2025-12-19 19:13:37'),
(55, 100036, 12, 100, 1700, 1800, '2025-12-19 19:14:03'),
(56, 100045, 3, 400, 1500, 1900, '2025-12-19 21:54:26'),
(57, 100045, 6, 200, 1900, 2100, '2025-12-19 21:54:48'),
(58, 100034, 4, 200, 11100, 11300, '2025-12-19 21:57:36'),
(59, 100034, 11, 100, 11300, 11400, '2025-12-19 21:58:00'),
(60, 100049, 9, 200, 0, 200, '2025-12-19 22:10:05'),
(61, 100049, 10, 500, 200, 700, '2025-12-19 22:11:38'),
(62, 100049, 11, 100, 700, 800, '2025-12-19 22:12:12'),
(63, 100049, 12, 100, 800, 900, '2025-12-19 22:12:58'),
(64, 100047, 3, 400, 99900, 100300, '2025-12-19 22:18:34'),
(65, 100047, 4, 200, 100300, 100500, '2025-12-19 22:19:09'),
(66, 100047, 5, 200, 100500, 100700, '2025-12-19 22:19:46'),
(67, 100047, 6, 200, 100700, 100900, '2025-12-19 22:20:30'),
(68, 100047, 7, 200, 100900, 101100, '2025-12-19 22:20:56'),
(69, 100047, 8, 200, 101100, 101300, '2025-12-19 22:21:25'),
(70, 100048, 3, 400, 3889, 4289, '2025-12-19 22:37:31'),
(71, 100048, 4, 200, 4289, 4489, '2025-12-19 22:38:02'),
(72, 100048, 5, 200, 4489, 4689, '2025-12-19 22:38:25'),
(73, 100048, 3, 400, 4869, 5269, '2025-12-19 23:16:57'),
(74, 100048, 3, 400, 5269, 5669, '2025-12-19 23:17:21'),
(75, 100048, 3, 400, 5669, 6069, '2025-12-19 23:17:46'),
(76, 100048, 3, 400, 6069, 6469, '2025-12-19 23:18:21'),
(77, 100048, 3, 400, 6469, 6869, '2025-12-19 23:18:43'),
(78, 100034, 3, 400, 3400, 3800, '2025-12-20 13:06:46'),
(79, 100034, 11, 100, 3800, 3900, '2025-12-20 13:07:38'),
(80, 100052, 9, 200, 0, 200, '2025-12-20 14:18:57'),
(81, 100052, 10, 500, 200, 700, '2025-12-20 14:19:34'),
(82, 100052, 11, 100, 700, 800, '2025-12-20 14:20:09'),
(83, 100052, 12, 100, 800, 900, '2025-12-20 14:20:38'),
(84, 100048, 3, 400, 6869, 7269, '2025-12-20 15:07:29'),
(85, 100049, 9, 200, 900, 1100, '2025-12-20 15:48:50'),
(86, 100049, 10, 500, 1100, 1600, '2025-12-20 15:49:16'),
(87, 100049, 11, 100, 1600, 1700, '2025-12-20 15:49:42'),
(88, 100049, 12, 100, 1700, 1800, '2025-12-20 15:50:08'),
(89, 100054, 9, 146, 983, 1129, '2025-12-20 18:03:14'),
(90, 100054, 10, 196, 1129, 1325, '2025-12-20 18:04:15'),
(91, 100054, 11, 192, 1325, 1517, '2025-12-20 20:50:01'),
(92, 100054, 12, 175, 1517, 1692, '2025-12-20 20:50:47'),
(93, 100029, 3, 148, 200, 348, '2025-12-20 21:59:43'),
(94, 100058, 9, 146, 0, 146, '2025-12-20 22:13:17'),
(95, 100058, 10, 196, 146, 342, '2025-12-20 22:13:38'),
(96, 100058, 11, 192, 342, 534, '2025-12-20 22:13:59'),
(97, 100047, 3, 148, 71300, 71448, '2025-12-20 22:14:41'),
(98, 100047, 4, 76, 71448, 71524, '2025-12-20 22:15:07'),
(99, 100047, 5, 186, 71524, 71710, '2025-12-20 22:15:33'),
(100, 100047, 6, 52, 71710, 71762, '2025-12-20 22:15:57'),
(101, 100047, 7, 103, 71762, 71865, '2025-12-20 22:16:23'),
(102, 100047, 8, 161, 71865, 72026, '2025-12-20 22:17:06'),
(103, 100047, 9, 146, 72026, 72172, '2025-12-20 22:17:42'),
(104, 100047, 10, 196, 72172, 72368, '2025-12-20 22:18:20'),
(105, 100047, 11, 192, 72368, 72560, '2025-12-20 22:19:10'),
(106, 100047, 12, 175, 72560, 72735, '2025-12-20 22:20:09'),
(107, 100061, 9, 146, 0, 146, '2025-12-20 23:28:08'),
(108, 100059, 9, 146, 0, 146, '2025-12-20 23:54:08'),
(109, 100059, 9, 146, 146, 292, '2025-12-20 23:54:37'),
(110, 100059, 9, 146, 292, 438, '2025-12-20 23:54:59'),
(111, 100059, 9, 146, 438, 584, '2025-12-20 23:55:22'),
(112, 100059, 9, 146, 584, 730, '2025-12-20 23:55:44'),
(113, 100064, 9, 146, 459, 605, '2025-12-21 12:57:42'),
(114, 100034, 3, 148, 207506, 207654, '2025-12-21 15:34:38'),
(115, 100034, 4, 76, 207654, 207730, '2025-12-21 15:35:03'),
(116, 100049, 9, 146, 1800, 1946, '2025-12-21 18:39:39'),
(117, 100049, 10, 196, 1946, 2142, '2025-12-21 18:40:17'),
(118, 100049, 11, 192, 2142, 2334, '2025-12-21 18:40:59'),
(119, 100061, 9, 146, 1305, 1451, '2025-12-21 19:08:57'),
(120, 100047, 3, 148, 72735, 72883, '2025-12-21 19:40:52'),
(121, 100047, 4, 76, 72883, 72959, '2025-12-21 19:41:18'),
(122, 100047, 5, 186, 72959, 73145, '2025-12-21 19:41:41'),
(123, 100047, 6, 52, 73145, 73197, '2025-12-21 19:42:07'),
(124, 100047, 7, 103, 73197, 73300, '2025-12-21 19:42:32'),
(125, 100047, 8, 161, 73300, 73461, '2025-12-21 19:42:56'),
(126, 100047, 9, 146, 73461, 73607, '2025-12-21 19:43:20'),
(127, 100047, 10, 196, 73607, 73803, '2025-12-21 19:43:45'),
(128, 100047, 11, 192, 73803, 73995, '2025-12-21 19:44:08'),
(129, 100047, 12, 175, 73995, 74170, '2025-12-21 19:44:30'),
(130, 100034, 12, 175, 209635, 209810, '2025-12-21 23:33:40'),
(131, 100034, 12, 175, 209810, 209985, '2025-12-21 23:34:04'),
(132, 100034, 12, 175, 209985, 210160, '2025-12-21 23:34:38'),
(133, 100034, 10, 196, 210160, 210356, '2025-12-21 23:35:01'),
(134, 100034, 3, 148, 210356, 210504, '2025-12-21 23:35:24'),
(135, 100070, 9, 146, 0, 146, '2025-12-22 11:16:06'),
(136, 100070, 12, 175, 146, 321, '2025-12-22 11:16:32'),
(137, 100070, 10, 196, 321, 517, '2025-12-22 11:16:56'),
(138, 100075, 9, 146, 152, 298, '2025-12-22 21:14:15'),
(139, 100075, 10, 196, 298, 494, '2025-12-22 21:14:48'),
(140, 100075, 11, 192, 494, 686, '2025-12-22 21:15:13'),
(141, 100077, 12, 175, 700, 875, '2025-12-22 22:32:27'),
(142, 100077, 11, 192, 875, 1067, '2025-12-22 22:32:58'),
(143, 100077, 10, 196, 1067, 1263, '2025-12-22 22:33:21'),
(144, 100075, 9, 146, 686, 832, '2025-12-22 23:04:43'),
(145, 100075, 9, 146, 832, 978, '2025-12-22 23:05:15'),
(146, 100075, 9, 146, 978, 1124, '2025-12-22 23:05:44'),
(147, 100075, 9, 146, 1124, 1270, '2025-12-22 23:06:09'),
(148, 100075, 12, 175, 1270, 1445, '2025-12-22 23:06:34'),
(149, 100047, 3, 148, 76088, 76236, '2025-12-23 03:22:04'),
(150, 100047, 3, 148, 76236, 76384, '2025-12-23 03:22:29'),
(151, 100047, 3, 148, 76384, 76532, '2025-12-23 03:22:55'),
(152, 100047, 3, 148, 76532, 76680, '2025-12-23 03:23:19'),
(153, 100047, 3, 148, 76680, 76828, '2025-12-23 03:23:43'),
(154, 100047, 12, 175, 76828, 77003, '2025-12-23 03:24:12'),
(155, 100047, 12, 175, 77003, 77178, '2025-12-23 03:24:38'),
(156, 100047, 11, 192, 77178, 77370, '2025-12-23 03:25:02'),
(157, 100047, 10, 196, 77370, 77566, '2025-12-23 03:25:30'),
(158, 100047, 3, 148, 77566, 77714, '2025-12-23 03:26:08'),
(159, 100075, 9, 146, 1754, 1900, '2025-12-23 10:32:42'),
(160, 100075, 10, 196, 1900, 2096, '2025-12-23 10:33:09'),
(161, 100075, 11, 192, 2096, 2288, '2025-12-23 10:33:45'),
(162, 100034, 3, 148, 201769, 201917, '2025-12-23 15:25:26'),
(163, 100034, 5, 186, 201917, 202103, '2025-12-23 15:26:08'),
(164, 100075, 10, 196, 2430, 2626, '2025-12-24 00:05:51'),
(165, 100075, 11, 192, 2626, 2818, '2025-12-24 00:06:28'),
(166, 100075, 9, 146, 2818, 2964, '2025-12-24 00:07:17'),
(167, 100075, 11, 192, 2964, 3156, '2025-12-24 00:08:09'),
(168, 100075, 10, 196, 3156, 3352, '2025-12-24 02:59:29'),
(169, 100075, 11, 192, 3352, 3544, '2025-12-24 02:59:53'),
(170, 100075, 11, 192, 3544, 3736, '2025-12-24 03:00:16'),
(171, 100075, 10, 196, 3736, 3932, '2025-12-24 03:00:41'),
(172, 100075, 10, 196, 4413, 4609, '2025-12-24 16:01:49'),
(173, 100075, 11, 192, 4609, 4801, '2025-12-24 16:02:15'),
(174, 100075, 12, 175, 4801, 4976, '2025-12-24 16:02:39'),
(175, 100078, 12, 175, 0, 175, '2025-12-24 18:03:05'),
(176, 100078, 11, 192, 175, 367, '2025-12-24 18:03:31'),
(177, 100078, 10, 196, 367, 563, '2025-12-24 18:03:55'),
(178, 100078, 3, 148, 50652, 50800, '2025-12-24 18:17:00'),
(179, 100078, 5, 186, 50800, 50986, '2025-12-24 18:17:41'),
(180, 100078, 9, 146, 350986, 351132, '2025-12-24 18:22:09'),
(181, 100078, 4, 76, 351132, 351208, '2025-12-24 18:28:04'),
(182, 100078, 7, 103, 351208, 351311, '2025-12-24 18:28:32'),
(183, 100078, 8, 161, 351311, 351472, '2025-12-24 18:29:02'),
(184, 100078, 6, 52, 351472, 351524, '2025-12-24 18:29:27'),
(185, 100075, 10, 196, 5095, 5291, '2025-12-25 12:19:25'),
(186, 100075, 11, 192, 5291, 5483, '2025-12-25 12:19:48'),
(187, 100075, 12, 175, 5483, 5658, '2025-12-25 12:20:14'),
(188, 100047, 3, 148, 83832, 83980, '2025-12-28 06:18:52'),
(189, 100047, 4, 76, 83980, 84056, '2025-12-28 06:19:21'),
(190, 100047, 5, 186, 84056, 84242, '2025-12-28 06:19:46'),
(191, 100047, 6, 52, 84242, 84294, '2025-12-28 06:20:10'),
(192, 100047, 7, 103, 84294, 84397, '2025-12-28 06:20:34'),
(193, 100047, 8, 161, 84397, 84558, '2025-12-28 06:20:58'),
(194, 100047, 11, 192, 84558, 84750, '2025-12-28 06:21:26'),
(195, 100047, 12, 175, 84750, 84925, '2025-12-28 06:21:51'),
(196, 100047, 4, 76, 84925, 85001, '2025-12-28 06:22:18'),
(197, 100047, 3, 148, 85001, 85149, '2025-12-28 06:22:47'),
(198, 100047, 5, 186, 85149, 85335, '2025-12-28 06:23:14'),
(199, 100047, 3, 148, 85335, 85483, '2025-12-28 06:23:54'),
(200, 100047, 5, 186, 85483, 85669, '2025-12-28 06:24:21');

-- --------------------------------------------------------

--
-- Structure de la table `task_completions_backup`
--

CREATE TABLE `task_completions_backup` (
  `id` int NOT NULL DEFAULT '0',
  `user_id` int NOT NULL,
  `task_id` int NOT NULL,
  `reward_cents` int NOT NULL,
  `balance_before_cents` int NOT NULL,
  `balance_after_cents` int NOT NULL,
  `created_at` timestamp NOT NULL DEFAULT CURRENT_TIMESTAMP
) ENGINE=InnoDB DEFAULT CHARSET=utf8mb4 COLLATE=utf8mb4_unicode_ci;

--
-- Déchargement des données de la table `task_completions_backup`
--

INSERT INTO `task_completions_backup` (`id`, `user_id`, `task_id`, `reward_cents`, `balance_before_cents`, `balance_after_cents`, `created_at`) VALUES
(38, 100016, 9, 200, 0, 200, '2025-12-12 18:29:21'),
(39, 100016, 12, 100, 200, 300, '2025-12-12 18:30:36'),
(40, 100017, 3, 400, 12000, 12400, '2025-12-12 18:57:15'),
(41, 100017, 8, 200, 12400, 12600, '2025-12-12 19:19:49'),
(76, 100026, 9, 200, 0, 200, '2025-12-14 12:06:47'),
(77, 100026, 7, 200, 40200, 40400, '2025-12-14 13:09:13'),
(78, 100027, 3, 400, 50000, 50400, '2025-12-14 13:16:12'),
(79, 100028, 7, 200, 50000, 50200, '2025-12-14 13:29:16');

-- --------------------------------------------------------

--
-- Structure de la table `tiktok_tasks`
--

CREATE TABLE `tiktok_tasks` (
  `id` int NOT NULL,
  `title` varchar(255) COLLATE utf8mb4_unicode_ci NOT NULL,
  `description` text COLLATE utf8mb4_unicode_ci,
  `reward_cents` int NOT NULL DEFAULT '1000',
  `duration_seconds` int NOT NULL DEFAULT '60',
  `min_vip_level` varchar(20) COLLATE utf8mb4_unicode_ci NOT NULL DEFAULT 'FREE',
  `video_url` varchar(512) COLLATE utf8mb4_unicode_ci NOT NULL,
  `is_active` tinyint(1) DEFAULT '1',
  `created_at` timestamp NOT NULL DEFAULT CURRENT_TIMESTAMP
) ENGINE=InnoDB DEFAULT CHARSET=utf8mb4 COLLATE=utf8mb4_unicode_ci;

--
-- Déchargement des données de la table `tiktok_tasks`
--

INSERT INTO `tiktok_tasks` (`id`, `title`, `description`, `reward_cents`, `duration_seconds`, `min_vip_level`, `video_url`, `is_active`, `created_at`) VALUES
(1, 'Danse Tendance 2025', 'La nouvelle chorégraphie virale du moment', 400, 30, 'FREE', 'https://www.tiktok.com/@charlidamelio/video/7015946824618798342', 1, '2025-12-13 22:53:44'),
(2, 'Recette Express 5min', 'Préparez un repas délicieux en 5 minutes', 500, 35, 'FREE', 'https://www.tiktok.com/@gordonramsayofficial/video/7025661735471672582', 1, '2025-12-13 22:53:44'),
(3, 'Fitness Challenge Pro', 'Entraînement intense de 60 secondes', 1000, 60, 'VIP', 'https://www.tiktok.com/@alexiaclark/video/7156384729482579242', 1, '2025-12-13 22:53:44'),
(4, 'Maquillage Professionnel', 'Tutoriel maquillage pour événements spéciaux', 1400, 70, 'VIP', 'https://www.tiktok.com/@jamescharles/video/7124567890123456789', 1, '2025-12-13 22:53:44'),
(5, 'Voyage Luxe Dubaï', 'Les meilleurs spots de Dubaï', 1800, 80, 'VIP', 'https://www.tiktok.com/@visitdubai/video/7198765432109876543', 1, '2025-12-13 22:53:44'),
(6, 'Mode & Style 2025', 'Les tendances mode incontournables', 1600, 75, 'VIP', 'https://www.tiktok.com/@voguemagazine/video/7145678901234567890', 1, '2025-12-13 22:53:44');

-- --------------------------------------------------------

--
-- Structure de la table `users`
--

CREATE TABLE `users` (
  `id` int NOT NULL,
  `full_name` varchar(255) COLLATE utf8mb4_general_ci NOT NULL,
  `email` varchar(255) COLLATE utf8mb4_general_ci NOT NULL,
  `password_hash` varchar(255) COLLATE utf8mb4_general_ci NOT NULL,
  `vip_level` varchar(20) COLLATE utf8mb4_general_ci NOT NULL DEFAULT 'FREE',
  `role` varchar(20) COLLATE utf8mb4_general_ci NOT NULL DEFAULT 'user',
  `balance_cents` int NOT NULL DEFAULT '0',
  `invite_code` varchar(32) COLLATE utf8mb4_general_ci DEFAULT NULL,
  `invited_by_user_id` int DEFAULT NULL,
  `created_at` timestamp NOT NULL DEFAULT CURRENT_TIMESTAMP,
  `vip_expires_at` datetime DEFAULT NULL,
  `promo_role_enabled` tinyint(1) NOT NULL DEFAULT '0',
  `admin_bank_name` varchar(255) COLLATE utf8mb4_general_ci DEFAULT NULL,
  `daily_rate_cents` int DEFAULT '0' COMMENT 'Montant maximum que l utilisateur peut gagner par jour en centimes'
) ENGINE=InnoDB DEFAULT CHARSET=utf8mb4 COLLATE=utf8mb4_general_ci;

--
-- Déchargement des données de la table `users`
--

INSERT INTO `users` (`id`, `full_name`, `email`, `password_hash`, `vip_level`, `role`, `balance_cents`, `invite_code`, `invited_by_user_id`, `created_at`, `vip_expires_at`, `promo_role_enabled`, `admin_bank_name`, `daily_rate_cents`) VALUES
(100004, 'Admin', 'wd@admin.ma', '$2b$10$CzJ2jPgVxX1cvT4BE3uObeCN9d5F/W/EMErVOSf3H4CYjzbd577Yu', 'VIP', 'superadmin', 107945, '7WL5UJLB', NULL, '2025-12-08 20:17:38', NULL, 1, NULL, 1200),
(100016, 'mehdi hamidi', 'admin@windelevery.com', '$2b$10$hhcysqrGhFrrvkkYKy/M1..A.TIZnsfU5CBCpeGyFdcY5zlxHrYDm', 'FREE', 'admin', 14491, 'YH9YHXCS', NULL, '2025-12-12 18:24:02', NULL, 0, NULL, 0),
(100017, 'ABDELLAH ELMAHFOUDY', 'admin02@windelevery.com', '$2b$10$vF4o0o4ELlOOquBxApC4zu4XK1azVM3r4cXlYdMNBgD1wkd.aobJS', 'VIP', 'admin', 33472, '6A9D6UKT', 100016, '2025-12-12 18:44:35', NULL, 0, NULL, 300),
(100029, 'abdellah elmahfoudy', 'abdellah@a.com', '$2b$10$/9rPrnK0qjqyO3sMdKZu1ekFkVYowMbM7VRtNio3ouqbGQpzYbxRK', 'VIP', 'user', 348, '5DPHSCRU', NULL, '2025-12-14 13:39:31', '2026-06-12 15:40:17', 0, NULL, 2000),
(100032, 'abdel', 'abdellah@abdellah.ma', '$2b$10$d22IFhY18c5ogevPtdBGh.d7EXnmbY0G3yZ3hI4XWtsBpq0aSMvPu', 'VIP', 'user', 17000, 'L6KYXY6Q', NULL, '2025-12-15 14:28:22', '2026-10-11 16:29:30', 0, NULL, 1500),
(100033, 'abidal', 'abi@abi.ma', '$2b$10$B717X8skRq9q559tNEXmtedyLIwmyfYRS5Y7jEaxmnpeYT8sqVJxq', 'VIP', 'user', 697000, 'JF6ZHGNN', NULL, '2025-12-15 14:45:55', '2027-01-09 15:46:38', 0, NULL, 2000),
(100034, 'ELMAHFOUDY ABDELLAH', 'abdellah.elmahfoudy@gomobile.ma', '$2b$10$aJflfAUXGZFm0sW2Z3N9Te6/DVhJVXKnjddkj4maFyL5FLrxR8cdW', 'VIP', 'user', 1446022, 'CD7TDCN8', NULL, '2025-12-15 18:33:33', '2027-03-10 19:37:41', 0, NULL, 2000),
(100035, 'rabie elmahfoudy', 'rabie@gmail.com', '$2b$10$UJU/oZkV57rWM0TuHuimjeeFh/6WVmdAXDNfChhtDJYDpuu0keyge', 'VIP', 'user', 44050, 'Q6YPVQQK', NULL, '2025-12-15 20:52:35', '2026-08-12 23:00:47', 0, NULL, 1500),
(100036, ' Mehdi hamdi', 'mehdi.hamidy2003@gmail.com', '$2b$10$FNZAINb370erkOH5hzZC8O4KGDO3NGvDZCMFmUdYZj6vAgdKzVmU.', 'FREE', 'user', 1800, 'KWZ3MXDP', NULL, '2025-12-17 15:56:22', NULL, 0, NULL, 0),
(100037, 'nn9549175@gmail.com', 'nn9549175@gmail.com', '$2b$10$av7OHrDNKDTDDOUlV6YOdOa.ASbIGuQyLWQ3RuvT9XbxnUcoQXA2i', 'FREE', 'user', 0, '8NSCDUHC', NULL, '2025-12-17 18:02:34', NULL, 0, NULL, 0),
(100038, 'Rachid Samtii✨', 'rachidkoch454@gmail.com', '$2b$10$2fFczprDYMhqRiUr62ZJAO9Ph2OhDN1xcchHYq/M/W9hW/4BP.9cO', 'FREE', 'user', 0, 'HFYF94PP', NULL, '2025-12-17 18:54:22', NULL, 0, NULL, 0),
(100039, 'Rachid nassif', 'rachid@gmail.com', '$2b$10$Z8b5Gaj5GUOIUWiEG84Nhuxbha0UZqOk6qvtHAse82npAQbFKB9ZS', 'FREE', 'user', 0, '9ME9RPJZ', NULL, '2025-12-17 19:01:08', NULL, 0, NULL, 0),
(100040, 'Siham', 'siham.1123@gmail.com', '$2b$10$Okouv3F/BbJLpE6NOote6OiBK2LNnJON1ejFQ/M1IRwKulwqGBQvG', 'FREE', 'user', 0, 'V72RK2W5', NULL, '2025-12-17 23:08:01', NULL, 0, NULL, 0),
(100041, 'abdellah', 'contact-tgps@proton.me', '$2b$10$8uT.bSXXZ2gtVdt36ErxUu2q8svvjyrLBJUx7RUjBl1NZJrv9cjmG', 'FREE', 'user', 0, '93XB9LS3', NULL, '2025-12-18 10:06:05', NULL, 0, NULL, 0),
(100042, 'Najib ELMOKHTARY ', 'elmokhtarynajib@gmail.com', '$2b$10$K0Um6ebNuX.PUxwiM6q/bOzdV35Cawssw5jENVfzujpICb9RGmzWK', 'FREE', 'user', 0, 'BDP976M3', NULL, '2025-12-18 11:55:33', NULL, 0, NULL, 0),
(100043, '1598', 'hanane.fouirina@gomobile.ma', '$2b$10$IxSgWFsftH3Gemz3Hv.CjO6hSgkZC3j/4vpPg5YFw6AE9PVkVpjzC', 'VIP', 'user', 133514, 'T2B2MRXQ', NULL, '2025-12-18 12:23:10', '2026-08-15 12:27:28', 0, NULL, 2000),
(100044, 'Asmaa bouhnouf', 'asmaahanafi50@gmail.com', '$2b$10$eMclNfLqo3J7kkcXm9ae1.DvwjYVWtyeOSZ79R3SWShMgXUMk5jDe', 'FREE', 'user', 0, '7VHEMC28', NULL, '2025-12-18 13:06:33', NULL, 0, NULL, 0),
(100045, 'Amin', 'aminaitoufkir12@gmail.com', '$2b$10$vm4sqpKGt1jyNfmZAuOnsuwopo6Uv3ujvyomgt9Ke33ACCZ/.q0ye', 'VIP', 'user', 4152, '63XDMGKQ', NULL, '2025-12-18 19:38:51', '2026-03-18 19:40:33', 0, NULL, 1500),
(100046, 'ahmed lhicho', 'timobij209@m3player.com', '$2b$10$MmOj83USNpckUhzXltYHd.dAaB9Lxq4aXIqiyWxs1KeVya.PCt6BW', 'FREE', 'user', 0, 'ZE79JD8F', NULL, '2025-12-19 15:56:16', NULL, 0, NULL, 0),
(100047, 'مجدولين البغدادي', 'barhdadi_majdouline@hotmail.fr', '$2b$10$RLA8yAmebv2usRAdPRNmKuigVySQUVFvepV/t9s1Kw8LvPWJXnNbu', 'VIP', 'user', 85669, 'PZ6FTBJY', NULL, '2025-12-19 16:18:02', '2026-03-19 22:26:09', 0, NULL, 1500),
(100048, 'abdellah elmahfoudy', 'abdellah@g.ma', '$2b$10$0vK5KIHzolVw/n6dg54WwuvajOXKe20IGFoR/uoMzaUM3Zlf9SRSq', 'VIP', 'user', 37554, 'V75UWDH3', NULL, '2025-12-19 20:17:53', '2026-12-14 22:36:35', 0, NULL, 2000),
(100049, 'Taha', 'tahrfatmi99@gmail.com', '$2b$10$gpAnOlkPEEmhrjPhdgVMNOAceOIiZBn22xnmL0Ldex7h8FlMf4cyO', 'FREE', 'user', 2334, 'RHHATCTJ', NULL, '2025-12-19 22:08:17', NULL, 0, NULL, 0),
(100052, 'Nadia', 'Nadia.lfrtouti@gmail.com', '$2b$10$FbkXgt9mThXubcWfgF7X7eOELfaqLgCGvztWWhHxUa5CtVyHkZaM.', 'FREE', 'user', 900, 'SDX47V73', NULL, '2025-12-20 14:11:34', NULL, 0, NULL, 0),
(100058, 'Mehdi hamdu', 'mejdi@gmail.com', '$2b$10$6E6Y/RRCE5TZLFVJbotwtev6HqgvSnNtkBdKzn7iqaxcv.BX0.6Cu', 'FREE', 'user', 689, 'RLKDPJZ4', NULL, '2025-12-20 22:12:10', NULL, 0, NULL, 0),
(100059, 'Nawal barhdadi', 'brhnawal60@gmail.com', '$2b$10$MkV/ayPEzlWyFr89X7SGhuF0GtF3/DPWoqsclpBP6n8cU8lNgo6PS', 'FREE', 'user', 2102, 'B5VUVX2G', NULL, '2025-12-20 22:32:26', NULL, 0, NULL, 0),
(100060, 'robin ', 'rabieelmahfoudi14@gmail.com', '$2b$10$QS78kiJa6ZNVEMDyx9hk2.hDWbKCm49eTmE1Ax8MFSanO2o9J.tL6', 'FREE', 'user', 0, '2YXAU3LP', NULL, '2025-12-20 23:08:29', NULL, 0, NULL, 0),
(100061, 'Nadia ', 'Nadia.elfrtouti@gmail.com', '$2b$10$.5TVmJuIBshTWOWM2zrl1OcymOuzyzHvvjjZWpN81UA4QvU9NfVAm', 'FREE', 'user', 1451, 'AMD6ERVJ', NULL, '2025-12-20 23:21:42', NULL, 0, NULL, 0),
(100062, 'yassinefathi', 'yassinefathi936@gmail.com', '$2b$10$iXXDwJ/jGbjqZEI/oWw7P.iLyUaVWJRiwV/zOm5qDzxupPaO8Zuxe', 'FREE', 'user', 131, 'NZH2X39D', NULL, '2025-12-20 23:34:57', NULL, 0, NULL, 0),
(100063, 'OMAR EL GHARFI', 'omarelgharfi20@gmail.com', '$2b$10$DG7zzi8x5oZe8K30RdgDoeOIVOaBOKZJBtTy9yT.ckMurycI8d4.q', 'FREE', 'user', 698, '7L46ZQKU', NULL, '2025-12-20 23:37:46', NULL, 0, NULL, 0),
(100064, 'Youssef', 'you@ssef.com', '$2b$10$xzjzKceX6OFobMfUqJy7DOzDB6B3O6BUl8RWfXq23Lg0hL4irnoZ2', 'VIP', 'user', 5697, '32XRML3N', NULL, '2025-12-21 12:54:14', '2026-03-21 13:01:37', 0, NULL, 800),
(100065, 'Mehdjs', 'jdjdjs@jsj.com', '$2b$10$SL6n.YmFcq6Krts6g57EQeEXRKA3t1FhLrniPmNRIqUn93oKyatbW', 'FREE', 'user', 488, 'WSYD2Q2U', NULL, '2025-12-21 15:01:58', NULL, 0, NULL, 0),
(100066, 'Amine', 'Alexsander40322@gmail.com', '$2b$10$GjtsBGGhOyIVywDaz..wXOG0i9FWRmqpHf07q30vNnrGyi5jVgNJK', 'FREE', 'user', 0, '6LM39PLY', NULL, '2025-12-21 15:59:25', NULL, 0, NULL, 0),
(100067, 'Najmou', 'najmou@gmail.com', '$2b$10$aLMgXtrtpAdwKEx3eq21Zek6kZAmjp3AG4Z8iPs9dQ6i/KaoYJosy', 'VIP', 'user', 40057, 'ADP3URD5', NULL, '2025-12-21 16:31:57', '2026-06-19 16:35:57', 0, NULL, 2000),
(100068, 'Amin', 'amin@gmail.com', '$2b$10$uRxxmDr7C/g3VT2j8EMWa.y1gRF9vmVREUiuA7GSZCYmB6crOpry2', 'FREE', 'user', 660, 'LY57X4RT', NULL, '2025-12-21 19:23:01', NULL, 0, NULL, 0),
(100069, 'hhamdy', 'houssamhamdy223@gmail.com', '$2b$10$FNs0aUh1uE6vbyyBV3uJBuNP5vw2zdPK1Qhyft8KJgt5GDWxO6C/W', 'FREE', 'user', 750, '9P6U64EL', NULL, '2025-12-22 11:10:16', NULL, 0, NULL, 0),
(100070, 'Hin Da', 'hinda.3477@gmail.com', '$2b$10$8eRzvlLMLmK1s8jDrrhhQ.8tLs7br6B5u5q4czFrfWe.z0fmaKWF6', 'FREE', 'user', 695, 'JS56ZE5Q', NULL, '2025-12-22 11:13:28', NULL, 0, NULL, 0),
(100071, 'Jdjd', 'jdjd@dj.com', '$2b$10$lq3hE2jYLSn9EXh15z89yu3HplqhJwpv71SBFQ/CC4Vd4T83mJ2VG', 'FREE', 'user', 0, 'H2JC6UTF', NULL, '2025-12-22 16:09:26', NULL, 0, NULL, 0),
(100072, 'zudhaiaz', 'abdellah.elmahfoudy@gomobile.mp', '$2b$10$8WLY6WHnf2JtokEpHgOwNeosgrQZTSlsEW6NDkFX3nXOypH5iDkXe', 'FREE', 'user', 700, 'EPPDXVS9', NULL, '2025-12-22 18:36:34', NULL, 0, NULL, 0),
(100073, 'abdellah elmahfoudy', 'abdellah.elmahfoudy@gomobile.mo', '$2b$10$GjgqqoNpwIU3XIuZ8lbUa.rVSKQ2zq5JkBf49M4tPG9NY6V3g6Dze', 'FREE', 'user', 700, 'Y3FPT2QZ', NULL, '2025-12-22 18:37:23', NULL, 0, NULL, 0),
(100074, 'Oussama raghwi ', 'salimakram@gmail.com', '$2b$10$A9oE2DUW4Al0S5QmdO1oOesusd7pRdQCtx.uZUPmLOHMg45CRP/7O', 'FREE', 'user', 700, 'YAJ85TZT', NULL, '2025-12-22 21:07:12', NULL, 0, NULL, 0),
(100075, 'Oussama ', 'gheazlso28@gmail.com', '$2b$10$w8OJfH28W9wJFnywElpOQ.1iZAv..ORYxukIjjWAvEtJ5j1W.KKwe', 'FREE', 'user', 5737, 'BSRM5CMC', NULL, '2025-12-22 21:08:57', NULL, 0, NULL, 0),
(100076, 'ACHRAF ', 'ghwuwzlso28@gmail.com', '$2b$10$QzYi.FKYL6jOsLUuiwgpJem9BqVjMiIeA0yGaZdlpVZlrDGgn19Fa', 'FREE', 'user', 700, 'YYHANNAK', 100075, '2025-12-22 21:30:35', NULL, 0, NULL, 0),
(100077, 'Fatima flafy', 'mamifati022@gmail.com', '$2b$10$2KipPIKEzXNQTGCx.YjIh.pXt2jCkaT4Y2rYxr4JRjfqLENvPlaHq', 'FREE', 'user', 1263, 'HQ3LJX94', NULL, '2025-12-22 22:28:59', NULL, 0, NULL, 0),
(100078, 'Youssef fathi', 'ysf10.fathi@gmail.com', '$2b$10$Ia074ZlTooXxGvXx/Sb40uEEVJSr6rYeO0JXegscGmxJEIWnC1MGO', 'VIP', 'user', 351524, 'VQTL2HBS', 100034, '2025-12-24 18:02:10', '2026-06-22 18:15:35', 0, NULL, 2000),
(100079, 'Zbinoza', 'spenozahaitam@gmail.com', '$2b$10$2y3gHbeKx/rjmEmlavD7buKnK87yYFZb/W51F6sYg5v2blaHHYMqi', 'FREE', 'user', 0, 'A6R579QM', NULL, '2025-12-24 22:14:07', NULL, 0, NULL, 0),
(100080, 'Amin', 'bk524371@gmail.com', '$2b$10$vhrNcOZYj8IBMWGtqkAR4uTfSuLJifTddKyWjLEbaEH051I5Bba9i', 'VIP', 'user', 52775, '2B7WCMQH', NULL, '2025-12-28 11:56:13', '2026-06-26 12:37:36', 0, NULL, 2000),
(100081, 'Mokhtar', 'mokhtarlazar@gmail.com', '$2b$10$9MpXYOS5npAzQcy7erWmxOHTAm5T/c/itiS0CGM3TV8B4N1Xj3LEe', 'FREE', 'user', 691, '7HBQTF9P', NULL, '2025-12-28 13:13:33', NULL, 0, NULL, 0);

-- --------------------------------------------------------

--
-- Structure de la table `withdrawals`
--

CREATE TABLE `withdrawals` (
  `id` int NOT NULL,
  `user_id` int NOT NULL,
  `amount_cents` int NOT NULL,
  `status` varchar(50) COLLATE utf8mb4_general_ci NOT NULL,
  `type` varchar(50) COLLATE utf8mb4_general_ci NOT NULL DEFAULT 'WITHDRAW',
  `created_at` timestamp NOT NULL DEFAULT CURRENT_TIMESTAMP,
  `processed_by_admin_id` int DEFAULT NULL,
  `reference` varchar(24) COLLATE utf8mb4_general_ci DEFAULT NULL
) ENGINE=InnoDB DEFAULT CHARSET=utf8mb4 COLLATE=utf8mb4_general_ci;

--
-- Déchargement des données de la table `withdrawals`
--

INSERT INTO `withdrawals` (`id`, `user_id`, `amount_cents`, `status`, `type`, `created_at`, `processed_by_admin_id`, `reference`) VALUES
(19, 100004, 8000, 'APPROVED', 'VIP_UPGRADE', '2025-12-08 22:58:20', NULL, NULL),
(20, 100004, 10000, 'APPROVED', 'WITHDRAW', '2025-12-08 22:58:26', NULL, NULL),
(36, 100017, 8000, 'APPROVED', 'VIP_UPGRADE', '2025-12-12 18:56:21', NULL, NULL),
(37, 100017, 5000, 'REJECTED', 'WITHDRAW', '2025-12-12 19:01:44', 100016, NULL),
(52, 100029, 50000, 'APPROVED', 'VIP_UPGRADE', '2025-12-14 13:40:17', NULL, NULL),
(57, 100032, 8000, 'APPROVED', 'VIP_UPGRADE', '2025-12-15 14:29:30', NULL, NULL),
(58, 100032, 15000, 'APPROVED', 'VIP_UPGRADE', '2025-12-15 14:31:18', NULL, NULL),
(59, 100032, 30000, 'APPROVED', 'VIP_UPGRADE', '2025-12-15 14:35:21', NULL, NULL),
(60, 100033, 8000, 'APPROVED', 'VIP_UPGRADE', '2025-12-15 14:46:38', NULL, NULL),
(61, 100033, 15000, 'APPROVED', 'VIP_UPGRADE', '2025-12-15 14:50:45', NULL, NULL),
(62, 100033, 30000, 'APPROVED', 'VIP_UPGRADE', '2025-12-15 14:50:56', NULL, NULL),
(63, 100033, 50000, 'APPROVED', 'VIP_UPGRADE', '2025-12-15 14:51:04', NULL, NULL),
(64, 100033, 100000, 'APPROVED', 'WITHDRAW', '2025-12-15 14:56:04', 100016, NULL),
(66, 100034, 8000, 'APPROVED', 'VIP_UPGRADE', '2025-12-15 18:37:41', NULL, NULL),
(67, 100034, 2000, 'APPROVED', 'WITHDRAW', '2025-12-15 18:56:27', 100016, '202512151956275664769546'),
(68, 100035, 8000, 'APPROVED', 'VIP_UPGRADE', '2025-12-15 21:00:47', NULL, NULL),
(69, 100035, 5000, 'APPROVED', 'WITHDRAW', '2025-12-15 21:04:42', 100016, '202512152204420707958007'),
(70, 100035, 15000, 'APPROVED', 'VIP_UPGRADE', '2025-12-15 21:23:31', NULL, NULL),
(71, 100035, 30000, 'APPROVED', 'VIP_UPGRADE', '2025-12-15 21:23:49', NULL, NULL),
(72, 100033, 100000, 'APPROVED', 'WITHDRAW', '2025-12-17 16:25:10', 100016, '202512171625109294542339'),
(73, 100043, 8000, 'APPROVED', 'VIP_UPGRADE', '2025-12-18 12:27:28', NULL, NULL),
(74, 100043, 50000, 'APPROVED', 'VIP_UPGRADE', '2025-12-18 12:27:52', NULL, NULL),
(75, 100043, 10000, 'APPROVED', 'WITHDRAW', '2025-12-18 12:28:46', 100016, '202512181228460679803560'),
(76, 100045, 30000, 'APPROVED', 'VIP_UPGRADE', '2025-12-18 19:40:33', NULL, NULL),
(77, 100047, 30000, 'APPROVED', 'VIP_UPGRADE', '2025-12-19 22:26:08', NULL, NULL),
(78, 100034, 8000, 'APPROVED', 'VIP_UPGRADE', '2025-12-19 22:35:01', NULL, NULL),
(79, 100048, 15000, 'APPROVED', 'VIP_UPGRADE', '2025-12-19 22:36:34', NULL, NULL),
(80, 100034, 2000, 'APPROVED', 'WITHDRAW', '2025-12-20 14:57:47', 100017, '202512201457473308230971'),
(81, 100048, 5000, 'APPROVED', 'WITHDRAW', '2025-12-20 16:46:07', 100067, '202512201646073260956407'),
(82, 100032, 30000, 'APPROVED', 'VIP_UPGRADE', '2025-12-20 22:12:19', NULL, NULL),
(83, 100034, 15000, 'APPROVED', 'VIP_UPGRADE', '2025-12-20 22:30:39', NULL, NULL),
(84, 100034, 30000, 'APPROVED', 'VIP_UPGRADE', '2025-12-20 22:32:11', NULL, NULL),
(85, 100034, 50000, 'APPROVED', 'VIP_UPGRADE', '2025-12-20 22:35:53', NULL, NULL),
(86, 100048, 30000, 'APPROVED', 'VIP_UPGRADE', '2025-12-20 22:43:35', NULL, NULL),
(87, 100048, 50000, 'APPROVED', 'VIP_UPGRADE', '2025-12-20 22:45:02', NULL, NULL),
(88, 100064, 15000, 'APPROVED', 'VIP_UPGRADE', '2025-12-21 13:01:36', NULL, NULL),
(89, 100034, 100000, 'APPROVED', 'WITHDRAW', '2025-12-21 15:33:57', 100067, '202512211533572990295271'),
(90, 100067, 50000, 'APPROVED', 'VIP_UPGRADE', '2025-12-21 16:35:57', NULL, NULL),
(91, 100067, 10000, 'APPROVED', 'WITHDRAW', '2025-12-21 16:38:35', 100017, '202512211638359272495878'),
(92, 100034, 10000, 'PENDING', 'WITHDRAW', '2025-12-22 12:36:46', NULL, '202512221236462483895367'),
(93, 100034, 100000, 'PENDING', 'WITHDRAW', '2025-12-24 17:49:59', NULL, '202512241749594495447458'),
(94, 100078, 50000, 'APPROVED', 'VIP_UPGRADE', '2025-12-24 18:15:34', NULL, NULL),
(95, 100078, 100000, 'REJECTED', 'WITHDRAW', '2025-12-24 18:19:13', 100017, '202512241819134769956820'),
(96, 100080, 50000, 'APPROVED', 'VIP_UPGRADE', '2025-12-28 12:37:35', NULL, NULL);

-- --------------------------------------------------------

--
-- Structure de la table `youtube_likes`
--

CREATE TABLE `youtube_likes` (
  `id` int NOT NULL,
  `user_id` int NOT NULL,
  `video_url` varchar(512) COLLATE utf8mb4_general_ci NOT NULL,
  `liked_at` timestamp NOT NULL DEFAULT CURRENT_TIMESTAMP
) ENGINE=InnoDB DEFAULT CHARSET=utf8mb4 COLLATE=utf8mb4_general_ci;

--
-- Déchargement des données de la table `youtube_likes`
--

INSERT INTO `youtube_likes` (`id`, `user_id`, `video_url`, `liked_at`) VALUES
(9, 100029, 'https://youtu.be/wd56-qDmeSY?si=8PorpOslUHZh3PVy', '2025-12-14 13:40:50'),
(13, 100034, 'https://youtu.be/wd56-qDmeSY?si=8PorpOslUHZh3PVy', '2025-12-15 18:38:11'),
(14, 100035, 'https://www.youtube.com/watch?v=dQw4w9WgXcQ', '2025-12-15 21:02:35'),
(15, 100035, 'https://youtu.be/wd56-qDmeSY?si=8PorpOslUHZh3PVy', '2025-12-15 21:29:04'),
(16, 100036, 'https://www.youtube.com/watch?v=dQw4w9WgXcQ', '2025-12-17 15:57:26'),
(17, 100036, 'https://youtu.be/wd56-qDmeSY?si=8PorpOslUHZh3PVy', '2025-12-17 15:59:39'),
(18, 100038, 'https://youtu.be/wd56-qDmeSY?si=8PorpOslUHZh3PVy', '2025-12-17 18:57:27'),
(19, 100043, 'https://youtu.be/wd56-qDmeSY?si=8PorpOslUHZh3PVy', '2025-12-18 12:23:43'),
(20, 100045, 'https://www.youtube.com/watch?v=dQw4w9WgXcQ', '2025-12-18 19:40:52'),
(21, 100045, 'https://youtu.be/wd56-qDmeSY?si=8PorpOslUHZh3PVy', '2025-12-18 19:41:34'),
(22, 100047, 'https://youtu.be/wd56-qDmeSY?si=8PorpOslUHZh3PVy', '2025-12-19 16:19:44'),
(23, 100049, 'https://youtu.be/wd56-qDmeSY?si=8PorpOslUHZh3PVy', '2025-12-19 22:10:00'),
(24, 100047, 'https://www.youtube.com/watch?v=dQw4w9WgXcQ', '2025-12-19 22:18:12'),
(25, 100047, 'https://www.youtube.com/watch?v=sOCKUCvEHWM', '2025-12-19 22:22:43'),
(26, 100048, 'https://www.youtube.com/watch?v=dQw4w9WgXcQ', '2025-12-19 22:37:18'),
(27, 100048, 'https://youtu.be/wd56-qDmeSY?si=8PorpOslUHZh3PVy', '2025-12-19 22:37:44'),
(28, 100034, 'https://www.youtube.com/watch?v=dQw4w9WgXcQ', '2025-12-20 13:06:27'),
(29, 100052, 'https://youtu.be/wd56-qDmeSY?si=8PorpOslUHZh3PVy', '2025-12-20 14:18:41'),
(32, 100029, 'https://www.youtube.com/watch?v=dQw4w9WgXcQ', '2025-12-20 21:59:39'),
(33, 100058, 'https://youtu.be/wd56-qDmeSY?si=8PorpOslUHZh3PVy', '2025-12-20 22:13:01'),
(34, 100061, 'https://youtu.be/wd56-qDmeSY?si=8PorpOslUHZh3PVy', '2025-12-20 23:27:49'),
(35, 100059, 'https://youtu.be/wd56-qDmeSY?si=8PorpOslUHZh3PVy', '2025-12-20 23:53:49'),
(36, 100064, 'https://youtu.be/wd56-qDmeSY?si=8PorpOslUHZh3PVy', '2025-12-21 12:57:39'),
(37, 100067, 'https://www.youtube.com/watch?v=dQw4w9WgXcQ', '2025-12-21 16:37:07'),
(38, 100068, 'https://youtu.be/wd56-qDmeSY?si=8PorpOslUHZh3PVy', '2025-12-21 19:25:09'),
(39, 100070, 'https://youtu.be/wd56-qDmeSY?si=8PorpOslUHZh3PVy', '2025-12-22 11:15:58'),
(40, 100075, 'https://youtu.be/wd56-qDmeSY?si=8PorpOslUHZh3PVy', '2025-12-22 21:14:12'),
(41, 100077, 'https://youtu.be/wd56-qDmeSY?si=8PorpOslUHZh3PVy', '2025-12-22 22:32:21'),
(42, 100078, 'https://youtu.be/wd56-qDmeSY?si=8PorpOslUHZh3PVy', '2025-12-24 18:03:03'),
(43, 100078, 'https://www.youtube.com/watch?v=dQw4w9WgXcQ', '2025-12-24 18:16:53'),
(44, 100078, 'https://www.youtube.com/watch?v=sOCKUCvEHWM', '2025-12-24 18:30:02');

--
-- Index pour les tables déchargées
--

--
-- Index pour la table `admin_actions`
--
ALTER TABLE `admin_actions`
  ADD PRIMARY KEY (`id`),
  ADD KEY `admin_id` (`admin_id`),
  ADD KEY `target_user_id` (`target_user_id`);

--
-- Index pour la table `admin_managed_accounts`
--
ALTER TABLE `admin_managed_accounts`
  ADD PRIMARY KEY (`id`),
  ADD UNIQUE KEY `uniq_admin_account` (`admin_id`,`account_type`,`account_id`),
  ADD UNIQUE KEY `unique_account` (`account_type`,`account_id`);

--
-- Index pour la table `bank_accounts`
--
ALTER TABLE `bank_accounts`
  ADD PRIMARY KEY (`id`),
  ADD UNIQUE KEY `user_id` (`user_id`);

--
-- Index pour la table `completed_social_tasks`
--
ALTER TABLE `completed_social_tasks`
  ADD PRIMARY KEY (`id`),
  ADD UNIQUE KEY `unique_user_platform_task` (`user_id`,`platform`,`task_id`);

--
-- Index pour la table `deposits`
--
ALTER TABLE `deposits`
  ADD PRIMARY KEY (`id`),
  ADD KEY `user_id` (`user_id`);

--
-- Index pour la table `deposit_methods`
--
ALTER TABLE `deposit_methods`
  ADD PRIMARY KEY (`id`);

--
-- Index pour la table `facebook_tasks`
--
ALTER TABLE `facebook_tasks`
  ADD PRIMARY KEY (`id`);

--
-- Index pour la table `games_history`
--
ALTER TABLE `games_history`
  ADD PRIMARY KEY (`id`),
  ADD KEY `idx_games_user_created` (`user_id`,`created_at`);

--
-- Index pour la table `instagram_tasks`
--
ALTER TABLE `instagram_tasks`
  ADD PRIMARY KEY (`id`);

--
-- Index pour la table `password_reset_tokens`
--
ALTER TABLE `password_reset_tokens`
  ADD PRIMARY KEY (`id`),
  ADD KEY `idx_user_id` (`user_id`),
  ADD KEY `idx_token_hash` (`token_hash`);

--
-- Index pour la table `promo_codes`
--
ALTER TABLE `promo_codes`
  ADD PRIMARY KEY (`id`),
  ADD UNIQUE KEY `code` (`code`),
  ADD KEY `created_by_user_id` (`created_by_user_id`),
  ADD KEY `used_by_user_id` (`used_by_user_id`);

--
-- Index pour la table `promo_code_uses`
--
ALTER TABLE `promo_code_uses`
  ADD PRIMARY KEY (`id`),
  ADD UNIQUE KEY `ux_code_user` (`promo_code_id`,`user_id`),
  ADD KEY `user_id` (`user_id`);

--
-- Index pour la table `promo_role_keys`
--
ALTER TABLE `promo_role_keys`
  ADD PRIMARY KEY (`id`);

--
-- Index pour la table `rate_store_completions`
--
ALTER TABLE `rate_store_completions`
  ADD PRIMARY KEY (`id`),
  ADD UNIQUE KEY `unique_user_product_daily` (`user_id`,`product_id`,`created_date`);

--
-- Index pour la table `referrals`
--
ALTER TABLE `referrals`
  ADD PRIMARY KEY (`id`),
  ADD UNIQUE KEY `invited_user_id` (`invited_user_id`),
  ADD KEY `inviter_user_id` (`inviter_user_id`);

--
-- Index pour la table `referral_bonuses`
--
ALTER TABLE `referral_bonuses`
  ADD PRIMARY KEY (`id`),
  ADD UNIQUE KEY `deposit_id` (`deposit_id`),
  ADD KEY `inviter_user_id` (`inviter_user_id`),
  ADD KEY `invited_user_id` (`invited_user_id`);

--
-- Index pour la table `role_change_logs`
--
ALTER TABLE `role_change_logs`
  ADD PRIMARY KEY (`id`);

--
-- Index pour la table `spin_wheel_history`
--
ALTER TABLE `spin_wheel_history`
  ADD PRIMARY KEY (`id`),
  ADD UNIQUE KEY `unique_user_week` (`user_id`,`spin_week_start`);

--
-- Index pour la table `tasks`
--
ALTER TABLE `tasks`
  ADD PRIMARY KEY (`id`);

--
-- Index pour la table `task_completions`
--
ALTER TABLE `task_completions`
  ADD PRIMARY KEY (`id`),
  ADD KEY `idx_user` (`user_id`),
  ADD KEY `idx_task` (`task_id`),
  ADD KEY `idx_date` (`created_at`);

--
-- Index pour la table `tiktok_tasks`
--
ALTER TABLE `tiktok_tasks`
  ADD PRIMARY KEY (`id`);

--
-- Index pour la table `users`
--
ALTER TABLE `users`
  ADD PRIMARY KEY (`id`),
  ADD UNIQUE KEY `email` (`email`),
  ADD UNIQUE KEY `invite_code` (`invite_code`),
  ADD KEY `idx_users_invited_by` (`invited_by_user_id`);

--
-- Index pour la table `withdrawals`
--
ALTER TABLE `withdrawals`
  ADD PRIMARY KEY (`id`),
  ADD KEY `user_id` (`user_id`);

--
-- Index pour la table `youtube_likes`
--
ALTER TABLE `youtube_likes`
  ADD PRIMARY KEY (`id`),
  ADD UNIQUE KEY `unique_user_video` (`user_id`,`video_url`),
  ADD KEY `idx_user_likes` (`user_id`),
  ADD KEY `idx_video_url` (`video_url`);

--
-- AUTO_INCREMENT pour les tables déchargées
--

--
-- AUTO_INCREMENT pour la table `admin_actions`
--
ALTER TABLE `admin_actions`
  MODIFY `id` int NOT NULL AUTO_INCREMENT;

--
-- AUTO_INCREMENT pour la table `admin_managed_accounts`
--
ALTER TABLE `admin_managed_accounts`
  MODIFY `id` int NOT NULL AUTO_INCREMENT, AUTO_INCREMENT=28;

--
-- AUTO_INCREMENT pour la table `bank_accounts`
--
ALTER TABLE `bank_accounts`
  MODIFY `id` int NOT NULL AUTO_INCREMENT, AUTO_INCREMENT=17;

--
-- AUTO_INCREMENT pour la table `completed_social_tasks`
--
ALTER TABLE `completed_social_tasks`
  MODIFY `id` int NOT NULL AUTO_INCREMENT;

--
-- AUTO_INCREMENT pour la table `deposits`
--
ALTER TABLE `deposits`
  MODIFY `id` int NOT NULL AUTO_INCREMENT, AUTO_INCREMENT=109;

--
-- AUTO_INCREMENT pour la table `deposit_methods`
--
ALTER TABLE `deposit_methods`
  MODIFY `id` int NOT NULL AUTO_INCREMENT, AUTO_INCREMENT=4;

--
-- AUTO_INCREMENT pour la table `facebook_tasks`
--
ALTER TABLE `facebook_tasks`
  MODIFY `id` int NOT NULL AUTO_INCREMENT, AUTO_INCREMENT=7;

--
-- AUTO_INCREMENT pour la table `games_history`
--
ALTER TABLE `games_history`
  MODIFY `id` int NOT NULL AUTO_INCREMENT, AUTO_INCREMENT=944;

--
-- AUTO_INCREMENT pour la table `instagram_tasks`
--
ALTER TABLE `instagram_tasks`
  MODIFY `id` int NOT NULL AUTO_INCREMENT, AUTO_INCREMENT=7;

--
-- AUTO_INCREMENT pour la table `password_reset_tokens`
--
ALTER TABLE `password_reset_tokens`
  MODIFY `id` int NOT NULL AUTO_INCREMENT, AUTO_INCREMENT=7;

--
-- AUTO_INCREMENT pour la table `promo_codes`
--
ALTER TABLE `promo_codes`
  MODIFY `id` int NOT NULL AUTO_INCREMENT, AUTO_INCREMENT=113;

--
-- AUTO_INCREMENT pour la table `promo_code_uses`
--
ALTER TABLE `promo_code_uses`
  MODIFY `id` int NOT NULL AUTO_INCREMENT, AUTO_INCREMENT=20;

--
-- AUTO_INCREMENT pour la table `rate_store_completions`
--
ALTER TABLE `rate_store_completions`
  MODIFY `id` int NOT NULL AUTO_INCREMENT, AUTO_INCREMENT=301;

--
-- AUTO_INCREMENT pour la table `referrals`
--
ALTER TABLE `referrals`
  MODIFY `id` int NOT NULL AUTO_INCREMENT, AUTO_INCREMENT=10;

--
-- AUTO_INCREMENT pour la table `referral_bonuses`
--
ALTER TABLE `referral_bonuses`
  MODIFY `id` int NOT NULL AUTO_INCREMENT, AUTO_INCREMENT=17;

--
-- AUTO_INCREMENT pour la table `role_change_logs`
--
ALTER TABLE `role_change_logs`
  MODIFY `id` int NOT NULL AUTO_INCREMENT, AUTO_INCREMENT=12;

--
-- AUTO_INCREMENT pour la table `spin_wheel_history`
--
ALTER TABLE `spin_wheel_history`
  MODIFY `id` int NOT NULL AUTO_INCREMENT, AUTO_INCREMENT=18;

--
-- AUTO_INCREMENT pour la table `tasks`
--
ALTER TABLE `tasks`
  MODIFY `id` int NOT NULL AUTO_INCREMENT, AUTO_INCREMENT=13;

--
-- AUTO_INCREMENT pour la table `task_completions`
--
ALTER TABLE `task_completions`
  MODIFY `id` int NOT NULL AUTO_INCREMENT, AUTO_INCREMENT=201;

--
-- AUTO_INCREMENT pour la table `tiktok_tasks`
--
ALTER TABLE `tiktok_tasks`
  MODIFY `id` int NOT NULL AUTO_INCREMENT, AUTO_INCREMENT=7;

--
-- AUTO_INCREMENT pour la table `users`
--
ALTER TABLE `users`
  MODIFY `id` int NOT NULL AUTO_INCREMENT, AUTO_INCREMENT=100082;

--
-- AUTO_INCREMENT pour la table `withdrawals`
--
ALTER TABLE `withdrawals`
  MODIFY `id` int NOT NULL AUTO_INCREMENT, AUTO_INCREMENT=97;

--
-- AUTO_INCREMENT pour la table `youtube_likes`
--
ALTER TABLE `youtube_likes`
  MODIFY `id` int NOT NULL AUTO_INCREMENT, AUTO_INCREMENT=45;

--
-- Contraintes pour les tables déchargées
--

--
-- Contraintes pour la table `admin_actions`
--
ALTER TABLE `admin_actions`
  ADD CONSTRAINT `admin_actions_ibfk_1` FOREIGN KEY (`admin_id`) REFERENCES `users` (`id`),
  ADD CONSTRAINT `admin_actions_ibfk_2` FOREIGN KEY (`target_user_id`) REFERENCES `users` (`id`);

--
-- Contraintes pour la table `bank_accounts`
--
ALTER TABLE `bank_accounts`
  ADD CONSTRAINT `bank_accounts_ibfk_1` FOREIGN KEY (`user_id`) REFERENCES `users` (`id`) ON DELETE CASCADE;

--
-- Contraintes pour la table `completed_social_tasks`
--
ALTER TABLE `completed_social_tasks`
  ADD CONSTRAINT `completed_social_tasks_ibfk_1` FOREIGN KEY (`user_id`) REFERENCES `users` (`id`) ON DELETE CASCADE;

--
-- Contraintes pour la table `deposits`
--
ALTER TABLE `deposits`
  ADD CONSTRAINT `deposits_ibfk_1` FOREIGN KEY (`user_id`) REFERENCES `users` (`id`) ON DELETE CASCADE;

--
-- Contraintes pour la table `games_history`
--
ALTER TABLE `games_history`
  ADD CONSTRAINT `games_history_ibfk_1` FOREIGN KEY (`user_id`) REFERENCES `users` (`id`) ON DELETE CASCADE;

--
-- Contraintes pour la table `promo_codes`
--
ALTER TABLE `promo_codes`
  ADD CONSTRAINT `promo_codes_ibfk_1` FOREIGN KEY (`created_by_user_id`) REFERENCES `users` (`id`) ON DELETE CASCADE,
  ADD CONSTRAINT `promo_codes_ibfk_2` FOREIGN KEY (`used_by_user_id`) REFERENCES `users` (`id`) ON DELETE SET NULL;

--
-- Contraintes pour la table `promo_code_uses`
--
ALTER TABLE `promo_code_uses`
  ADD CONSTRAINT `promo_code_uses_ibfk_1` FOREIGN KEY (`promo_code_id`) REFERENCES `promo_codes` (`id`) ON DELETE CASCADE,
  ADD CONSTRAINT `promo_code_uses_ibfk_2` FOREIGN KEY (`user_id`) REFERENCES `users` (`id`) ON DELETE CASCADE;

--
-- Contraintes pour la table `rate_store_completions`
--
ALTER TABLE `rate_store_completions`
  ADD CONSTRAINT `rate_store_completions_ibfk_1` FOREIGN KEY (`user_id`) REFERENCES `users` (`id`) ON DELETE CASCADE;

--
-- Contraintes pour la table `referrals`
--
ALTER TABLE `referrals`
  ADD CONSTRAINT `referrals_ibfk_1` FOREIGN KEY (`inviter_user_id`) REFERENCES `users` (`id`) ON DELETE CASCADE,
  ADD CONSTRAINT `referrals_ibfk_2` FOREIGN KEY (`invited_user_id`) REFERENCES `users` (`id`) ON DELETE CASCADE;

--
-- Contraintes pour la table `referral_bonuses`
--
ALTER TABLE `referral_bonuses`
  ADD CONSTRAINT `referral_bonuses_ibfk_1` FOREIGN KEY (`deposit_id`) REFERENCES `deposits` (`id`) ON DELETE CASCADE,
  ADD CONSTRAINT `referral_bonuses_ibfk_2` FOREIGN KEY (`inviter_user_id`) REFERENCES `users` (`id`) ON DELETE CASCADE,
  ADD CONSTRAINT `referral_bonuses_ibfk_3` FOREIGN KEY (`invited_user_id`) REFERENCES `users` (`id`) ON DELETE CASCADE;

--
-- Contraintes pour la table `spin_wheel_history`
--
ALTER TABLE `spin_wheel_history`
  ADD CONSTRAINT `spin_wheel_history_ibfk_1` FOREIGN KEY (`user_id`) REFERENCES `users` (`id`) ON DELETE CASCADE;

--
-- Contraintes pour la table `withdrawals`
--
ALTER TABLE `withdrawals`
  ADD CONSTRAINT `withdrawals_ibfk_1` FOREIGN KEY (`user_id`) REFERENCES `users` (`id`) ON DELETE CASCADE;

--
-- Contraintes pour la table `youtube_likes`
--
ALTER TABLE `youtube_likes`
  ADD CONSTRAINT `youtube_likes_ibfk_1` FOREIGN KEY (`user_id`) REFERENCES `users` (`id`) ON DELETE CASCADE;
COMMIT;

/*!40101 SET CHARACTER_SET_CLIENT=@OLD_CHARACTER_SET_CLIENT */;
/*!40101 SET CHARACTER_SET_RESULTS=@OLD_CHARACTER_SET_RESULTS */;
/*!40101 SET COLLATION_CONNECTION=@OLD_COLLATION_CONNECTION */;
